[17Sep2025 21:15:48.770] [main/INFO] [cpw.mods.modlauncher.Launcher/MODLAUNCHER]: ModLauncher running: args [--launchTarget, forgeclientuserdev, --version, MOD_DEV, --assetIndex, 5, --assetsDir, C:\Users\brian\.mcreator\gradle\caches\forge_gradle\assets, --gameDir, ., --fml.forgeVersion, 47.3.0, --fml.mcVersion, 1.20.1, --fml.forgeGroup, net.minecraftforge, --fml.mcpVersion, 20230612.114412]
[17Sep2025 21:15:48.773] [main/INFO] [cpw.mods.modlauncher.Launcher/MODLAUNCHER]: ModLauncher 10.0.9+10.0.9+main.dcd20f30 starting: java version 17.0.16 by Eclipse Adoptium; OS Windows 11 arch amd64 version 10.0
[17Sep2025 21:15:48.797] [main/DEBUG] [cpw.mods.modlauncher.LaunchServiceHandler/MODLAUNCHER]: Found launch services [fmlclientdev,forgeclient,minecraft,forgegametestserverdev,fmlserveruserdev,fmlclient,fmldatauserdev,forgeserverdev,forgeserveruserdev,forgeclientdev,forgeclientuserdev,forgeserver,forgedatadev,fmlserver,fmlclientuserdev,fmlserverdev,forgedatauserdev,testharness,forgegametestserveruserdev]
[17Sep2025 21:15:48.812] [main/DEBUG] [cpw.mods.modlauncher.NameMappingServiceHandler/MODLAUNCHER]: Found naming services : [srgtomcp]
[17Sep2025 21:15:48.827] [main/DEBUG] [cpw.mods.modlauncher.LaunchPluginHandler/MODLAUNCHER]: Found launch plugins: [mixin,eventbus,slf4jfixer,object_holder_definalize,runtime_enum_extender,capability_token_subclass,accesstransformer,runtimedistcleaner]
[17Sep2025 21:15:48.841] [main/DEBUG] [cpw.mods.modlauncher.TransformationServicesHandler/MODLAUNCHER]: Discovering transformation services
[17Sep2025 21:15:48.847] [main/DEBUG] [net.minecraftforge.fml.loading.FMLPaths/CORE]: Path GAMEDIR is D:\GitHub\TycoonLib\run
[17Sep2025 21:15:48.848] [main/DEBUG] [net.minecraftforge.fml.loading.FMLPaths/CORE]: Path MODSDIR is D:\GitHub\TycoonLib\run\mods
[17Sep2025 21:15:48.848] [main/DEBUG] [net.minecraftforge.fml.loading.FMLPaths/CORE]: Path CONFIGDIR is D:\GitHub\TycoonLib\run\config
[17Sep2025 21:15:48.848] [main/DEBUG] [net.minecraftforge.fml.loading.FMLPaths/CORE]: Path FMLCONFIG is D:\GitHub\TycoonLib\run\config\fml.toml
[17Sep2025 21:15:48.893] [main/DEBUG] [cpw.mods.modlauncher.TransformationServicesHandler/MODLAUNCHER]: Found additional transformation services from discovery services: 
[17Sep2025 21:15:48.899] [main/INFO] [net.minecraftforge.fml.loading.ImmediateWindowHandler/]: Loading ImmediateWindowProvider fmlearlywindow
[17Sep2025 21:15:48.975] [main/INFO] [EARLYDISPLAY/]: Trying GL version 4.6
[17Sep2025 21:15:49.135] [main/INFO] [EARLYDISPLAY/]: Requested GL version 4.6 got version 4.6
[17Sep2025 21:15:49.195] [main/DEBUG] [cpw.mods.modlauncher.TransformationServicesHandler/MODLAUNCHER]: Found transformer services : [mixin,fml]
[17Sep2025 21:15:49.196] [main/DEBUG] [cpw.mods.modlauncher.TransformationServicesHandler/MODLAUNCHER]: Transformation services loading
[17Sep2025 21:15:49.197] [main/DEBUG] [cpw.mods.modlauncher.TransformationServiceDecorator/MODLAUNCHER]: Loading service mixin
[17Sep2025 21:15:49.197] [main/DEBUG] [cpw.mods.modlauncher.TransformationServiceDecorator/MODLAUNCHER]: Loaded service mixin
[17Sep2025 21:15:49.197] [main/DEBUG] [cpw.mods.modlauncher.TransformationServiceDecorator/MODLAUNCHER]: Loading service fml
[17Sep2025 21:15:49.198] [main/DEBUG] [net.minecraftforge.fml.loading.LauncherVersion/CORE]: Found FMLLauncher version 1.0
[17Sep2025 21:15:49.198] [main/DEBUG] [net.minecraftforge.fml.loading.FMLLoader/CORE]: FML 1.0 loading
[17Sep2025 21:15:49.198] [main/DEBUG] [net.minecraftforge.fml.loading.FMLLoader/CORE]: FML found ModLauncher version : 10.0.9+10.0.9+main.dcd20f30
[17Sep2025 21:15:49.199] [main/DEBUG] [net.minecraftforge.fml.loading.FMLLoader/CORE]: FML found AccessTransformer version : 8.0.4+66+master.c09db6d7
[17Sep2025 21:15:49.199] [main/DEBUG] [net.minecraftforge.fml.loading.FMLLoader/CORE]: FML found EventBus version : 6.0.5+6.0.5+master.eb8e549b
[17Sep2025 21:15:49.199] [main/DEBUG] [net.minecraftforge.fml.loading.FMLLoader/CORE]: Found Runtime Dist Cleaner
[17Sep2025 21:15:49.201] [main/DEBUG] [net.minecraftforge.fml.loading.FMLLoader/CORE]: FML found CoreMod version : 5.1.6
[17Sep2025 21:15:49.202] [main/DEBUG] [net.minecraftforge.fml.loading.FMLLoader/CORE]: Found ForgeSPI package implementation version 7.0.1+7.0.1+master.d2b38bf6
[17Sep2025 21:15:49.202] [main/DEBUG] [net.minecraftforge.fml.loading.FMLLoader/CORE]: Found ForgeSPI package specification 5
[17Sep2025 21:15:49.202] [main/DEBUG] [cpw.mods.modlauncher.TransformationServiceDecorator/MODLAUNCHER]: Loaded service fml
[17Sep2025 21:15:49.203] [main/DEBUG] [cpw.mods.modlauncher.TransformationServicesHandler/MODLAUNCHER]: Configuring option handling for services
[17Sep2025 21:15:49.209] [main/DEBUG] [cpw.mods.modlauncher.TransformationServicesHandler/MODLAUNCHER]: Transformation services initializing
[17Sep2025 21:15:49.210] [main/DEBUG] [cpw.mods.modlauncher.TransformationServiceDecorator/MODLAUNCHER]: Initializing transformation service mixin
[17Sep2025 21:15:49.224] [main/DEBUG] [mixin/]: MixinService [ModLauncher] was successfully booted in cpw.mods.cl.ModuleClassLoader@7e7be63f
[17Sep2025 21:15:49.238] [main/INFO] [mixin/]: SpongePowered MIXIN Subsystem Version=0.8.5 Source=union:/C:/Users/brian/.mcreator/gradle/caches/modules-2/files-2.1/org.spongepowered/mixin/0.8.5/9d1c0c3a304ae6697ecd477218fa61b850bf57fc/mixin-0.8.5.jar%23128!/ Service=ModLauncher Env=CLIENT
[17Sep2025 21:15:49.243] [main/DEBUG] [mixin/]: Initialising Mixin Platform Manager
[17Sep2025 21:15:49.243] [main/DEBUG] [mixin/]: Adding mixin platform agents for container ModLauncher Root Container(ModLauncher:4f56a0a2)
[17Sep2025 21:15:49.244] [main/DEBUG] [mixin/]: Instancing new MixinPlatformAgentMinecraftForge for ModLauncher Root Container(ModLauncher:4f56a0a2)
[17Sep2025 21:15:49.245] [main/DEBUG] [mixin/]: MixinPlatformAgentMinecraftForge rejected container ModLauncher Root Container(ModLauncher:4f56a0a2)
[17Sep2025 21:15:49.245] [main/DEBUG] [mixin/]: Instancing new MixinPlatformAgentDefault for ModLauncher Root Container(ModLauncher:4f56a0a2)
[17Sep2025 21:15:49.245] [main/DEBUG] [mixin/]: MixinPlatformAgentDefault accepted container ModLauncher Root Container(ModLauncher:4f56a0a2)
[17Sep2025 21:15:49.250] [main/DEBUG] [cpw.mods.modlauncher.TransformationServiceDecorator/MODLAUNCHER]: Initialized transformation service mixin
[17Sep2025 21:15:49.251] [main/DEBUG] [cpw.mods.modlauncher.TransformationServiceDecorator/MODLAUNCHER]: Initializing transformation service fml
[17Sep2025 21:15:49.251] [main/DEBUG] [net.minecraftforge.fml.loading.FMLServiceProvider/CORE]: Setting up basic FML game directories
[17Sep2025 21:15:49.251] [main/DEBUG] [net.minecraftforge.fml.loading.FMLPaths/CORE]: Path GAMEDIR is D:\GitHub\TycoonLib\run
[17Sep2025 21:15:49.252] [main/DEBUG] [net.minecraftforge.fml.loading.FMLPaths/CORE]: Path MODSDIR is D:\GitHub\TycoonLib\run\mods
[17Sep2025 21:15:49.252] [main/DEBUG] [net.minecraftforge.fml.loading.FMLPaths/CORE]: Path CONFIGDIR is D:\GitHub\TycoonLib\run\config
[17Sep2025 21:15:49.252] [main/DEBUG] [net.minecraftforge.fml.loading.FMLPaths/CORE]: Path FMLCONFIG is D:\GitHub\TycoonLib\run\config\fml.toml
[17Sep2025 21:15:49.252] [main/DEBUG] [net.minecraftforge.fml.loading.FMLServiceProvider/CORE]: Loading configuration
[17Sep2025 21:15:49.255] [main/DEBUG] [net.minecraftforge.fml.loading.FMLServiceProvider/CORE]: Preparing ModFile
[17Sep2025 21:15:49.263] [main/DEBUG] [net.minecraftforge.fml.loading.FMLServiceProvider/CORE]: Preparing launch handler
[17Sep2025 21:15:49.264] [main/DEBUG] [net.minecraftforge.fml.loading.FMLLoader/CORE]: Using forgeclientuserdev as launch service
[17Sep2025 21:15:49.270] [pool-2-thread-1/INFO] [EARLYDISPLAY/]: GL info: AMD Radeon RX 5500 GL version 4.6.0 Core Profile Context 24.10.38.03.240918, ATI Technologies Inc.
[17Sep2025 21:15:49.283] [main/DEBUG] [net.minecraftforge.fml.loading.FMLLoader/CORE]: Received command line version data  : VersionInfo[forgeVersion=47.3.0, mcVersion=1.20.1, mcpVersion=20230612.114412, forgeGroup=net.minecraftforge]
[17Sep2025 21:15:49.284] [main/DEBUG] [cpw.mods.modlauncher.TransformationServiceDecorator/MODLAUNCHER]: Initialized transformation service fml
[17Sep2025 21:15:49.285] [main/DEBUG] [cpw.mods.modlauncher.NameMappingServiceHandler/MODLAUNCHER]: Current naming domain is 'mcp'
[17Sep2025 21:15:49.286] [main/DEBUG] [cpw.mods.modlauncher.NameMappingServiceHandler/MODLAUNCHER]: Identified name mapping providers {srg=srgtomcp:1234}
[17Sep2025 21:15:49.286] [main/DEBUG] [cpw.mods.modlauncher.TransformationServicesHandler/MODLAUNCHER]: Transformation services begin scanning
[17Sep2025 21:15:49.286] [main/DEBUG] [cpw.mods.modlauncher.TransformationServiceDecorator/MODLAUNCHER]: Beginning scan trigger - transformation service mixin
[17Sep2025 21:15:49.287] [main/DEBUG] [cpw.mods.modlauncher.TransformationServiceDecorator/MODLAUNCHER]: End scan trigger - transformation service mixin
[17Sep2025 21:15:49.287] [main/DEBUG] [cpw.mods.modlauncher.TransformationServiceDecorator/MODLAUNCHER]: Beginning scan trigger - transformation service fml
[17Sep2025 21:15:49.287] [main/DEBUG] [net.minecraftforge.fml.loading.FMLServiceProvider/CORE]: Initiating mod scan
[17Sep2025 21:15:49.298] [main/DEBUG] [net.minecraftforge.fml.loading.moddiscovery.ModListHandler/CORE]: Found mod coordinates from lists: []
[17Sep2025 21:15:49.302] [main/DEBUG] [net.minecraftforge.fml.loading.moddiscovery.ModDiscoverer/CORE]: Found Mod Locators : (mods folder:null),(maven libs:null),(exploded directory:null),(minecraft:null),(userdev classpath:null)
[17Sep2025 21:15:49.302] [main/DEBUG] [net.minecraftforge.fml.loading.moddiscovery.ModDiscoverer/CORE]: Found Dependency Locators : (JarInJar:null)
[17Sep2025 21:15:49.308] [main/DEBUG] [net.minecraftforge.fml.loading.targets.CommonLaunchHandler/CORE]: Got mod coordinates examplemod%%D:\GitHub\TycoonLib\build\resources\main;examplemod%%D:\GitHub\TycoonLib\build\classes\java\main from env
[17Sep2025 21:15:49.310] [main/DEBUG] [net.minecraftforge.fml.loading.targets.CommonLaunchHandler/CORE]: Found supplied mod coordinates [{examplemod=[D:\GitHub\TycoonLib\build\resources\main, D:\GitHub\TycoonLib\build\classes\java\main]}]
[17Sep2025 21:15:49.528] [main/DEBUG] [net.minecraftforge.fml.loading.moddiscovery.ModFileInfo/LOADING]: Found valid mod file forge-1.20.1-47.3.0_mapped_official_1.20.1-recomp.jar with {minecraft} mods - versions {1.20.1}
[17Sep2025 21:15:49.533] [main/DEBUG] [net.minecraftforge.fml.loading.moddiscovery.ModFileParser/LOADING]: Considering mod file candidate C:\Users\brian\.mcreator\gradle\caches\modules-2\files-2.1\net.minecraftforge\javafmllanguage\1.20.1-47.3.0\d7ebc62120f202109e300e084ca1a31a7b946a62\javafmllanguage-1.20.1-47.3.0.jar
[17Sep2025 21:15:49.533] [main/WARN] [net.minecraftforge.fml.loading.moddiscovery.ModFileParser/LOADING]: Mod file C:\Users\brian\.mcreator\gradle\caches\modules-2\files-2.1\net.minecraftforge\javafmllanguage\1.20.1-47.3.0\d7ebc62120f202109e300e084ca1a31a7b946a62\javafmllanguage-1.20.1-47.3.0.jar is missing mods.toml file
[17Sep2025 21:15:49.537] [main/DEBUG] [net.minecraftforge.fml.loading.moddiscovery.ModFileParser/LOADING]: Considering mod file candidate C:\Users\brian\.mcreator\gradle\caches\modules-2\files-2.1\net.minecraftforge\lowcodelanguage\1.20.1-47.3.0\1bf3e845ea0ce750096da8c71c8364b188ab74d4\lowcodelanguage-1.20.1-47.3.0.jar
[17Sep2025 21:15:49.537] [main/WARN] [net.minecraftforge.fml.loading.moddiscovery.ModFileParser/LOADING]: Mod file C:\Users\brian\.mcreator\gradle\caches\modules-2\files-2.1\net.minecraftforge\lowcodelanguage\1.20.1-47.3.0\1bf3e845ea0ce750096da8c71c8364b188ab74d4\lowcodelanguage-1.20.1-47.3.0.jar is missing mods.toml file
[17Sep2025 21:15:49.541] [main/DEBUG] [net.minecraftforge.fml.loading.moddiscovery.ModFileParser/LOADING]: Considering mod file candidate C:\Users\brian\.mcreator\gradle\caches\modules-2\files-2.1\net.minecraftforge\mclanguage\1.20.1-47.3.0\6093682e943ddccbabf70539319d7f2fe64db2e7\mclanguage-1.20.1-47.3.0.jar
[17Sep2025 21:15:49.541] [main/WARN] [net.minecraftforge.fml.loading.moddiscovery.ModFileParser/LOADING]: Mod file C:\Users\brian\.mcreator\gradle\caches\modules-2\files-2.1\net.minecraftforge\mclanguage\1.20.1-47.3.0\6093682e943ddccbabf70539319d7f2fe64db2e7\mclanguage-1.20.1-47.3.0.jar is missing mods.toml file
[17Sep2025 21:15:49.545] [main/DEBUG] [net.minecraftforge.fml.loading.moddiscovery.ModFileParser/LOADING]: Considering mod file candidate C:\Users\brian\.mcreator\gradle\caches\modules-2\files-2.1\net.minecraftforge\fmlcore\1.20.1-47.3.0\3b6be96aba3e323f3c918e8ef6a96312d82d76ad\fmlcore-1.20.1-47.3.0.jar
[17Sep2025 21:15:49.546] [main/WARN] [net.minecraftforge.fml.loading.moddiscovery.ModFileParser/LOADING]: Mod file C:\Users\brian\.mcreator\gradle\caches\modules-2\files-2.1\net.minecraftforge\fmlcore\1.20.1-47.3.0\3b6be96aba3e323f3c918e8ef6a96312d82d76ad\fmlcore-1.20.1-47.3.0.jar is missing mods.toml file
[17Sep2025 21:15:49.548] [main/DEBUG] [net.minecraftforge.fml.loading.moddiscovery.ModFileParser/LOADING]: Considering mod file candidate D:\GitHub\TycoonLib\build\resources\main
[17Sep2025 21:15:49.553] [main/DEBUG] [net.minecraftforge.fml.loading.moddiscovery.ModFileInfo/LOADING]: Found valid mod file main with {tycoonlib} mods - versions {1.0.0}
[17Sep2025 21:15:49.555] [main/DEBUG] [net.minecraftforge.fml.loading.moddiscovery.ModFileParser/LOADING]: Considering mod file candidate /
[17Sep2025 21:15:49.557] [main/DEBUG] [net.minecraftforge.fml.loading.moddiscovery.ModFileInfo/LOADING]: Found valid mod file  with {forge} mods - versions {47.3.0}
[17Sep2025 21:15:49.574] [main/DEBUG] [net.minecraftforge.fml.loading.moddiscovery.ModFileParser/LOADING]: Considering mod file candidate C:\Users\brian\.mcreator\gradle\caches\forge_gradle\deobf_dependencies\software\bernie\geckolib\geckolib-forge-1.20.1\4.4.9_mapped_official_1.20.1\geckolib-forge-1.20.1-4.4.9_mapped_official_1.20.1.jar
[17Sep2025 21:15:49.575] [main/DEBUG] [net.minecraftforge.fml.loading.moddiscovery.ModFileInfo/LOADING]: Found valid mod file geckolib-forge-1.20.1-4.4.9_mapped_official_1.20.1.jar with {geckolib} mods - versions {4.4.9}
[17Sep2025 21:15:49.580] [main/DEBUG] [net.minecraftforge.fml.loading.moddiscovery.ModFileParser/LOADING]: Considering mod file candidate C:\Users\brian\.mcreator\gradle\caches\forge_gradle\deobf_dependencies\software\bernie\geckolib\geckolib-forge-1.20.1\4.4.9_mapped_official_1.20.1\geckolib-forge-1.20.1-4.4.9_mapped_official_1.20.1.jar
[17Sep2025 21:15:49.582] [main/DEBUG] [net.minecraftforge.fml.loading.moddiscovery.ModFileInfo/LOADING]: Found valid mod file geckolib-forge-1.20.1-4.4.9_mapped_official_1.20.1.jar with {geckolib} mods - versions {4.4.9}
[17Sep2025 21:15:49.586] [main/DEBUG] [net.minecraftforge.fml.loading.UniqueModListBuilder/]: Found 2 mods for first modid geckolib, selecting most recent based on version data
[17Sep2025 21:15:49.587] [main/DEBUG] [net.minecraftforge.fml.loading.UniqueModListBuilder/]: Selected file geckolib-forge-1.20.1-4.4.9_mapped_official_1.20.1.jar for modid geckolib with version 4.4.9
[17Sep2025 21:15:49.592] [main/DEBUG] [net.minecraftforge.fml.loading.moddiscovery.AbstractJarFileDependencyLocator/]: Failed to load resource META-INF\jarjar\metadata.json from forge-1.20.1-47.3.0_mapped_official_1.20.1-recomp.jar, it does not contain dependency information.
[17Sep2025 21:15:49.592] [main/DEBUG] [net.minecraftforge.fml.loading.moddiscovery.AbstractJarFileDependencyLocator/]: Failed to load resource META-INF\jarjar\metadata.json from , it does not contain dependency information.
[17Sep2025 21:15:49.593] [main/DEBUG] [net.minecraftforge.fml.loading.moddiscovery.AbstractJarFileDependencyLocator/]: Failed to load resource META-INF\jarjar\metadata.json from main, it does not contain dependency information.
[17Sep2025 21:15:49.593] [main/DEBUG] [net.minecraftforge.fml.loading.moddiscovery.AbstractJarFileDependencyLocator/]: Failed to load resource META-INF\jarjar\metadata.json from mclanguage-1.20.1-47.3.0.jar, it does not contain dependency information.
[17Sep2025 21:15:49.593] [main/DEBUG] [net.minecraftforge.fml.loading.moddiscovery.AbstractJarFileDependencyLocator/]: Failed to load resource META-INF\jarjar\metadata.json from javafmllanguage-1.20.1-47.3.0.jar, it does not contain dependency information.
[17Sep2025 21:15:49.594] [main/DEBUG] [net.minecraftforge.fml.loading.moddiscovery.AbstractJarFileDependencyLocator/]: Failed to load resource META-INF\jarjar\metadata.json from fmlcore-1.20.1-47.3.0.jar, it does not contain dependency information.
[17Sep2025 21:15:49.594] [main/DEBUG] [net.minecraftforge.fml.loading.moddiscovery.AbstractJarFileDependencyLocator/]: Failed to load resource META-INF\jarjar\metadata.json from lowcodelanguage-1.20.1-47.3.0.jar, it does not contain dependency information.
[17Sep2025 21:15:49.661] [main/DEBUG] [net.minecraftforge.fml.loading.moddiscovery.AbstractJarFileDependencyLocator/]: Failed to load resource META-INF\jarjar\metadata.json from mclib-20.jar, it does not contain dependency information.
[17Sep2025 21:15:49.700] [main/INFO] [net.minecraftforge.fml.loading.moddiscovery.JarInJarDependencyLocator/]: Found 1 dependencies adding them to mods collection
[17Sep2025 21:15:49.702] [main/DEBUG] [net.minecraftforge.fml.loading.moddiscovery.ModFileInfo/LOADING]: Found valid mod file forge-1.20.1-47.3.0_mapped_official_1.20.1-recomp.jar with {minecraft} mods - versions {1.20.1}
[17Sep2025 21:15:49.704] [main/DEBUG] [net.minecraftforge.fml.loading.moddiscovery.ModFile/LOADING]: Loading mod file C:\Users\brian\.mcreator\gradle\caches\forge_gradle\minecraft_user_repo\net\minecraftforge\forge\1.20.1-47.3.0_mapped_official_1.20.1\forge-1.20.1-47.3.0_mapped_official_1.20.1-recomp.jar with languages [LanguageSpec[languageName=minecraft, acceptedVersions=1]]
[17Sep2025 21:15:49.705] [main/DEBUG] [net.minecraftforge.fml.loading.moddiscovery.ModFileParser/LOADING]: Considering mod file candidate D:\GitHub\TycoonLib\build\resources\main
[17Sep2025 21:15:49.706] [main/DEBUG] [net.minecraftforge.fml.loading.moddiscovery.ModFileInfo/LOADING]: Found valid mod file main with {tycoonlib} mods - versions {1.0.0}
[17Sep2025 21:15:49.706] [main/DEBUG] [net.minecraftforge.fml.loading.moddiscovery.ModFile/LOADING]: Loading mod file D:\GitHub\TycoonLib\build\resources\main with languages [LanguageSpec[languageName=javafml, acceptedVersions=[47,)]]
[17Sep2025 21:15:49.707] [main/DEBUG] [net.minecraftforge.fml.loading.moddiscovery.ModFileParser/LOADING]: Considering mod file candidate /
[17Sep2025 21:15:49.708] [main/DEBUG] [net.minecraftforge.fml.loading.moddiscovery.ModFileInfo/LOADING]: Found valid mod file  with {forge} mods - versions {47.3.0}
[17Sep2025 21:15:49.708] [main/DEBUG] [net.minecraftforge.fml.loading.moddiscovery.ModFile/LOADING]: Loading mod file / with languages [LanguageSpec[languageName=javafml, acceptedVersions=[24,]]]
[17Sep2025 21:15:49.711] [main/DEBUG] [net.minecraftforge.fml.loading.moddiscovery.ModFileParser/LOADING]: Found coremod field_to_method with Javascript path coremods/field_to_method.js
[17Sep2025 21:15:49.711] [main/DEBUG] [net.minecraftforge.fml.loading.moddiscovery.ModFileParser/LOADING]: Found coremod field_to_instanceof with Javascript path coremods/field_to_instanceof.js
[17Sep2025 21:15:49.711] [main/DEBUG] [net.minecraftforge.fml.loading.moddiscovery.ModFileParser/LOADING]: Found coremod add_bouncer_method with Javascript path coremods/add_bouncer_method.js
[17Sep2025 21:15:49.711] [main/DEBUG] [net.minecraftforge.fml.loading.moddiscovery.ModFileParser/LOADING]: Found coremod method_redirector with Javascript path coremods/method_redirector.js
[17Sep2025 21:15:49.711] [main/DEBUG] [net.minecraftforge.fml.loading.moddiscovery.ModFile/LOADING]: Found coremod coremods/field_to_method.js
[17Sep2025 21:15:49.711] [main/DEBUG] [net.minecraftforge.fml.loading.moddiscovery.ModFile/LOADING]: Found coremod coremods/field_to_instanceof.js
[17Sep2025 21:15:49.711] [main/DEBUG] [net.minecraftforge.fml.loading.moddiscovery.ModFile/LOADING]: Found coremod coremods/add_bouncer_method.js
[17Sep2025 21:15:49.712] [main/DEBUG] [net.minecraftforge.fml.loading.moddiscovery.ModFile/LOADING]: Found coremod coremods/method_redirector.js
[17Sep2025 21:15:49.712] [main/DEBUG] [net.minecraftforge.fml.loading.moddiscovery.ModFileParser/LOADING]: Considering mod file candidate C:\Users\brian\.mcreator\gradle\caches\forge_gradle\deobf_dependencies\software\bernie\geckolib\geckolib-forge-1.20.1\4.4.9_mapped_official_1.20.1\geckolib-forge-1.20.1-4.4.9_mapped_official_1.20.1.jar
[17Sep2025 21:15:49.712] [main/DEBUG] [net.minecraftforge.fml.loading.moddiscovery.ModFileInfo/LOADING]: Found valid mod file geckolib-forge-1.20.1-4.4.9_mapped_official_1.20.1.jar with {geckolib} mods - versions {4.4.9}
[17Sep2025 21:15:49.713] [main/DEBUG] [net.minecraftforge.fml.loading.moddiscovery.ModFile/LOADING]: Loading mod file C:\Users\brian\.mcreator\gradle\caches\forge_gradle\deobf_dependencies\software\bernie\geckolib\geckolib-forge-1.20.1\4.4.9_mapped_official_1.20.1\geckolib-forge-1.20.1-4.4.9_mapped_official_1.20.1.jar with languages [LanguageSpec[languageName=javafml, acceptedVersions=[47,)]]
[17Sep2025 21:15:49.713] [main/DEBUG] [net.minecraftforge.fml.loading.moddiscovery.ModFile/LOADING]: Loading mod file  with languages []
[17Sep2025 21:15:49.713] [main/DEBUG] [net.minecraftforge.fml.loading.moddiscovery.ModFile/LOADING]: Loading mod file  with languages []
[17Sep2025 21:15:49.714] [main/DEBUG] [cpw.mods.modlauncher.TransformationServiceDecorator/MODLAUNCHER]: End scan trigger - transformation service fml
[17Sep2025 21:15:49.724] [main/DEBUG] [net.minecraftforge.fml.loading.LanguageLoadingProvider/CORE]: Found 3 language providers
[17Sep2025 21:15:49.725] [main/DEBUG] [net.minecraftforge.fml.loading.LanguageLoadingProvider/CORE]: Found language provider minecraft, version 1.0
[17Sep2025 21:15:49.726] [main/DEBUG] [net.minecraftforge.fml.loading.LanguageLoadingProvider/CORE]: Found language provider lowcodefml, version 47
[17Sep2025 21:15:49.726] [main/DEBUG] [net.minecraftforge.fml.loading.LanguageLoadingProvider/CORE]: Found language provider javafml, version 47
[17Sep2025 21:15:49.730] [main/DEBUG] [net.minecraftforge.fml.loading.UniqueModListBuilder/]: Found 2 mods for first modid mclib, selecting most recent based on version data
[17Sep2025 21:15:49.730] [main/DEBUG] [net.minecraftforge.fml.loading.UniqueModListBuilder/]: Selected file mclib-20.jar for modid mclib with version 0.0NONE
[17Sep2025 21:15:49.732] [main/DEBUG] [net.minecraftforge.fml.loading.ModSorter/]: Configured system mods: [minecraft, forge]
[17Sep2025 21:15:49.732] [main/DEBUG] [net.minecraftforge.fml.loading.ModSorter/]: Found system mod: minecraft
[17Sep2025 21:15:49.732] [main/DEBUG] [net.minecraftforge.fml.loading.ModSorter/]: Found system mod: forge
[17Sep2025 21:15:49.734] [main/DEBUG] [net.minecraftforge.fml.loading.ModSorter/LOADING]: Found 4 mod requirements (3 mandatory, 1 optional)
[17Sep2025 21:15:49.735] [main/DEBUG] [net.minecraftforge.fml.loading.ModSorter/LOADING]: Found 0 mod requirements missing (0 mandatory, 0 optional)
[17Sep2025 21:15:50.062] [main/DEBUG] [net.minecraftforge.fml.loading.MCPNamingService/CORE]: Loaded 33222 method mappings from methods.csv
[17Sep2025 21:15:50.088] [main/DEBUG] [net.minecraftforge.fml.loading.MCPNamingService/CORE]: Loaded 31003 field mappings from fields.csv
[17Sep2025 21:15:50.136] [main/DEBUG] [cpw.mods.modlauncher.TransformationServicesHandler/MODLAUNCHER]: Transformation services loading transformers
[17Sep2025 21:15:50.137] [main/DEBUG] [cpw.mods.modlauncher.TransformationServiceDecorator/MODLAUNCHER]: Initializing transformers for transformation service mixin
[17Sep2025 21:15:50.137] [main/DEBUG] [cpw.mods.modlauncher.TransformationServiceDecorator/MODLAUNCHER]: Initialized transformers for transformation service mixin
[17Sep2025 21:15:50.138] [main/DEBUG] [cpw.mods.modlauncher.TransformationServiceDecorator/MODLAUNCHER]: Initializing transformers for transformation service fml
[17Sep2025 21:15:50.138] [main/DEBUG] [net.minecraftforge.fml.loading.FMLServiceProvider/CORE]: Loading coremod transformers
[17Sep2025 21:15:50.138] [main/DEBUG] [net.minecraftforge.coremod.CoreModEngine/COREMOD]: Loading CoreMod from coremods/field_to_method.js
[17Sep2025 21:15:50.277] [main/DEBUG] [net.minecraftforge.coremod.CoreModEngine/COREMOD]: CoreMod loaded successfully
[17Sep2025 21:15:50.277] [main/DEBUG] [net.minecraftforge.coremod.CoreModEngine/COREMOD]: Loading CoreMod from coremods/field_to_instanceof.js
[17Sep2025 21:15:50.328] [main/DEBUG] [net.minecraftforge.coremod.CoreModEngine/COREMOD]: CoreMod loaded successfully
[17Sep2025 21:15:50.329] [main/DEBUG] [net.minecraftforge.coremod.CoreModEngine/COREMOD]: Loading CoreMod from coremods/add_bouncer_method.js
[17Sep2025 21:15:50.359] [main/DEBUG] [net.minecraftforge.coremod.CoreModEngine/COREMOD]: CoreMod loaded successfully
[17Sep2025 21:15:50.359] [main/DEBUG] [net.minecraftforge.coremod.CoreModEngine/COREMOD]: Loading CoreMod from coremods/method_redirector.js
[17Sep2025 21:15:50.403] [main/DEBUG] [net.minecraftforge.coremod.CoreModEngine/COREMOD]: CoreMod loaded successfully
[17Sep2025 21:15:50.417] [main/DEBUG] [cpw.mods.modlauncher.TransformStore/MODLAUNCHER]: Adding transformer net.minecraftforge.coremod.transformer.CoreModClassTransformer@465b38e6 to Target : CLASS {Lnet/minecraft/world/level/biome/Biome;} {} {V}
[17Sep2025 21:15:50.419] [main/DEBUG] [cpw.mods.modlauncher.TransformStore/MODLAUNCHER]: Adding transformer net.minecraftforge.coremod.transformer.CoreModClassTransformer@784223e9 to Target : CLASS {Lnet/minecraft/world/level/levelgen/structure/Structure;} {} {V}
[17Sep2025 21:15:50.419] [main/DEBUG] [cpw.mods.modlauncher.TransformStore/MODLAUNCHER]: Adding transformer net.minecraftforge.coremod.transformer.CoreModClassTransformer@7316523a to Target : CLASS {Lnet/minecraft/world/effect/MobEffectInstance;} {} {V}
[17Sep2025 21:15:50.419] [main/DEBUG] [cpw.mods.modlauncher.TransformStore/MODLAUNCHER]: Adding transformer net.minecraftforge.coremod.transformer.CoreModClassTransformer@33a55bd8 to Target : CLASS {Lnet/minecraft/world/level/block/LiquidBlock;} {} {V}
[17Sep2025 21:15:50.419] [main/DEBUG] [cpw.mods.modlauncher.TransformStore/MODLAUNCHER]: Adding transformer net.minecraftforge.coremod.transformer.CoreModClassTransformer@73a8e994 to Target : CLASS {Lnet/minecraft/world/item/BucketItem;} {} {V}
[17Sep2025 21:15:50.420] [main/DEBUG] [cpw.mods.modlauncher.TransformStore/MODLAUNCHER]: Adding transformer net.minecraftforge.coremod.transformer.CoreModClassTransformer@1a1cc163 to Target : CLASS {Lnet/minecraft/world/level/block/StairBlock;} {} {V}
[17Sep2025 21:15:50.420] [main/DEBUG] [cpw.mods.modlauncher.TransformStore/MODLAUNCHER]: Adding transformer net.minecraftforge.coremod.transformer.CoreModClassTransformer@5b5ac798 to Target : CLASS {Lnet/minecraft/world/level/block/FlowerPotBlock;} {} {V}
[17Sep2025 21:15:50.420] [main/DEBUG] [cpw.mods.modlauncher.TransformStore/MODLAUNCHER]: Adding transformer net.minecraftforge.coremod.transformer.CoreModClassTransformer@42383cb0 to Target : CLASS {Lnet/minecraft/world/item/ItemStack;} {} {V}
[17Sep2025 21:15:50.420] [main/DEBUG] [cpw.mods.modlauncher.TransformStore/MODLAUNCHER]: Adding transformer net.minecraftforge.coremod.transformer.CoreModClassTransformer@7668892a to Target : CLASS {Lnet/minecraft/network/play/client/CClientSettingsPacket;} {} {V}
[17Sep2025 21:15:50.420] [main/DEBUG] [cpw.mods.modlauncher.TransformStore/MODLAUNCHER]: Adding transformer net.minecraftforge.coremod.transformer.CoreModClassTransformer@a83495d to Target : CLASS {Lnet/minecraft/world/entity/raid/Raid;} {} {V}
[17Sep2025 21:15:50.420] [main/DEBUG] [cpw.mods.modlauncher.TransformStore/MODLAUNCHER]: Adding transformer net.minecraftforge.coremod.transformer.CoreModClassTransformer@a83495d to Target : CLASS {Lnet/minecraft/world/level/levelgen/structure/templatesystem/StructureTemplate;} {} {V}
[17Sep2025 21:15:50.420] [main/DEBUG] [cpw.mods.modlauncher.TransformStore/MODLAUNCHER]: Adding transformer net.minecraftforge.coremod.transformer.CoreModClassTransformer@a83495d to Target : CLASS {Lnet/minecraft/world/entity/monster/Zombie;} {} {V}
[17Sep2025 21:15:50.420] [main/DEBUG] [cpw.mods.modlauncher.TransformStore/MODLAUNCHER]: Adding transformer net.minecraftforge.coremod.transformer.CoreModClassTransformer@a83495d to Target : CLASS {Lnet/minecraft/world/entity/npc/Villager;} {} {V}
[17Sep2025 21:15:50.420] [main/DEBUG] [cpw.mods.modlauncher.TransformStore/MODLAUNCHER]: Adding transformer net.minecraftforge.coremod.transformer.CoreModClassTransformer@a83495d to Target : CLASS {Lnet/minecraft/server/commands/SummonCommand;} {} {V}
[17Sep2025 21:15:50.421] [main/DEBUG] [cpw.mods.modlauncher.TransformStore/MODLAUNCHER]: Adding transformer net.minecraftforge.coremod.transformer.CoreModClassTransformer@a83495d to Target : CLASS {Lnet/minecraft/world/entity/ai/village/VillageSiege;} {} {V}
[17Sep2025 21:15:50.421] [main/DEBUG] [cpw.mods.modlauncher.TransformStore/MODLAUNCHER]: Adding transformer net.minecraftforge.coremod.transformer.CoreModClassTransformer@a83495d to Target : CLASS {Lnet/minecraft/world/level/levelgen/structure/structures/OceanMonumentPieces$OceanMonumentPiece;} {} {V}
[17Sep2025 21:15:50.421] [main/DEBUG] [cpw.mods.modlauncher.TransformStore/MODLAUNCHER]: Adding transformer net.minecraftforge.coremod.transformer.CoreModClassTransformer@a83495d to Target : CLASS {Lnet/minecraft/world/level/levelgen/structure/structures/WoodlandMansionPieces$WoodlandMansionPiece;} {} {V}
[17Sep2025 21:15:50.421] [main/DEBUG] [cpw.mods.modlauncher.TransformStore/MODLAUNCHER]: Adding transformer net.minecraftforge.coremod.transformer.CoreModClassTransformer@a83495d to Target : CLASS {Lnet/minecraft/world/entity/monster/ZombieVillager;} {} {V}
[17Sep2025 21:15:50.421] [main/DEBUG] [cpw.mods.modlauncher.TransformStore/MODLAUNCHER]: Adding transformer net.minecraftforge.coremod.transformer.CoreModClassTransformer@a83495d to Target : CLASS {Lnet/minecraft/world/level/levelgen/structure/structures/SwampHutPiece;} {} {V}
[17Sep2025 21:15:50.421] [main/DEBUG] [cpw.mods.modlauncher.TransformStore/MODLAUNCHER]: Adding transformer net.minecraftforge.coremod.transformer.CoreModClassTransformer@a83495d to Target : CLASS {Lnet/minecraft/world/level/NaturalSpawner;} {} {V}
[17Sep2025 21:15:50.421] [main/DEBUG] [cpw.mods.modlauncher.TransformStore/MODLAUNCHER]: Adding transformer net.minecraftforge.coremod.transformer.CoreModClassTransformer@a83495d to Target : CLASS {Lnet/minecraft/world/entity/animal/horse/SkeletonTrapGoal;} {} {V}
[17Sep2025 21:15:50.421] [main/DEBUG] [cpw.mods.modlauncher.TransformStore/MODLAUNCHER]: Adding transformer net.minecraftforge.coremod.transformer.CoreModClassTransformer@a83495d to Target : CLASS {Lnet/minecraft/world/entity/animal/frog/Tadpole;} {} {V}
[17Sep2025 21:15:50.421] [main/DEBUG] [cpw.mods.modlauncher.TransformStore/MODLAUNCHER]: Adding transformer net.minecraftforge.coremod.transformer.CoreModClassTransformer@a83495d to Target : CLASS {Lnet/minecraft/world/level/levelgen/PatrolSpawner;} {} {V}
[17Sep2025 21:15:50.421] [main/DEBUG] [cpw.mods.modlauncher.TransformStore/MODLAUNCHER]: Adding transformer net.minecraftforge.coremod.transformer.CoreModClassTransformer@a83495d to Target : CLASS {Lnet/minecraft/world/level/levelgen/PhantomSpawner;} {} {V}
[17Sep2025 21:15:50.421] [main/DEBUG] [cpw.mods.modlauncher.TransformStore/MODLAUNCHER]: Adding transformer net.minecraftforge.coremod.transformer.CoreModClassTransformer@a83495d to Target : CLASS {Lnet/minecraft/world/entity/monster/Spider;} {} {V}
[17Sep2025 21:15:50.422] [main/DEBUG] [cpw.mods.modlauncher.TransformStore/MODLAUNCHER]: Adding transformer net.minecraftforge.coremod.transformer.CoreModClassTransformer@a83495d to Target : CLASS {Lnet/minecraft/world/entity/EntityType;} {} {V}
[17Sep2025 21:15:50.422] [main/DEBUG] [cpw.mods.modlauncher.TransformStore/MODLAUNCHER]: Adding transformer net.minecraftforge.coremod.transformer.CoreModClassTransformer@a83495d to Target : CLASS {Lnet/minecraft/world/entity/monster/Strider;} {} {V}
[17Sep2025 21:15:50.422] [main/DEBUG] [cpw.mods.modlauncher.TransformStore/MODLAUNCHER]: Adding transformer net.minecraftforge.coremod.transformer.CoreModClassTransformer@a83495d to Target : CLASS {Lnet/minecraft/world/entity/monster/Evoker$EvokerSummonSpellGoal;} {} {V}
[17Sep2025 21:15:50.422] [main/DEBUG] [cpw.mods.modlauncher.TransformStore/MODLAUNCHER]: Adding transformer net.minecraftforge.coremod.transformer.CoreModClassTransformer@a83495d to Target : CLASS {Lnet/minecraft/world/level/levelgen/structure/structures/OceanRuinPieces$OceanRuinPiece;} {} {V}
[17Sep2025 21:15:50.422] [main/DEBUG] [cpw.mods.modlauncher.TransformStore/MODLAUNCHER]: Adding transformer net.minecraftforge.coremod.transformer.CoreModClassTransformer@a83495d to Target : CLASS {Lnet/minecraft/server/commands/RaidCommand;} {} {V}
[17Sep2025 21:15:50.422] [main/DEBUG] [cpw.mods.modlauncher.TransformStore/MODLAUNCHER]: Adding transformer net.minecraftforge.coremod.transformer.CoreModClassTransformer@a83495d to Target : CLASS {Lnet/minecraft/world/entity/npc/CatSpawner;} {} {V}
[17Sep2025 21:15:50.422] [main/DEBUG] [cpw.mods.modlauncher.TransformationServiceDecorator/MODLAUNCHER]: Initialized transformers for transformation service fml
[17Sep2025 21:15:50.747] [main/DEBUG] [mixin/]: Processing prepare() for PlatformAgent[MixinPlatformAgentDefault:ModLauncher Root Container(ModLauncher:4f56a0a2)]
[17Sep2025 21:15:50.747] [main/DEBUG] [mixin/]: Processing launch tasks for PlatformAgent[MixinPlatformAgentDefault:ModLauncher Root Container(ModLauncher:4f56a0a2)]
[17Sep2025 21:15:50.747] [main/DEBUG] [mixin/]: Adding mixin platform agents for container SecureJarResource(minecraft)
[17Sep2025 21:15:50.748] [main/DEBUG] [mixin/]: Instancing new MixinPlatformAgentMinecraftForge for SecureJarResource(minecraft)
[17Sep2025 21:15:50.748] [main/DEBUG] [mixin/]: MixinPlatformAgentMinecraftForge rejected container SecureJarResource(minecraft)
[17Sep2025 21:15:50.748] [main/DEBUG] [mixin/]: Instancing new MixinPlatformAgentDefault for SecureJarResource(minecraft)
[17Sep2025 21:15:50.748] [main/DEBUG] [mixin/]: MixinPlatformAgentDefault accepted container SecureJarResource(minecraft)
[17Sep2025 21:15:50.748] [main/DEBUG] [mixin/]: Processing prepare() for PlatformAgent[MixinPlatformAgentDefault:SecureJarResource(minecraft)]
[17Sep2025 21:15:50.748] [main/DEBUG] [mixin/]: Adding mixin platform agents for container SecureJarResource(forge)
[17Sep2025 21:15:50.748] [main/DEBUG] [mixin/]: Instancing new MixinPlatformAgentMinecraftForge for SecureJarResource(forge)
[17Sep2025 21:15:50.748] [main/DEBUG] [mixin/]: MixinPlatformAgentMinecraftForge rejected container SecureJarResource(forge)
[17Sep2025 21:15:50.749] [main/DEBUG] [mixin/]: Instancing new MixinPlatformAgentDefault for SecureJarResource(forge)
[17Sep2025 21:15:50.749] [main/DEBUG] [mixin/]: MixinPlatformAgentDefault accepted container SecureJarResource(forge)
[17Sep2025 21:15:50.749] [main/DEBUG] [mixin/]: Processing prepare() for PlatformAgent[MixinPlatformAgentDefault:SecureJarResource(forge)]
[17Sep2025 21:15:50.749] [main/DEBUG] [mixin/]: Adding mixin platform agents for container SecureJarResource(tycoonlib)
[17Sep2025 21:15:50.749] [main/DEBUG] [mixin/]: Instancing new MixinPlatformAgentMinecraftForge for SecureJarResource(tycoonlib)
[17Sep2025 21:15:50.749] [main/DEBUG] [mixin/]: MixinPlatformAgentMinecraftForge rejected container SecureJarResource(tycoonlib)
[17Sep2025 21:15:50.749] [main/DEBUG] [mixin/]: Instancing new MixinPlatformAgentDefault for SecureJarResource(tycoonlib)
[17Sep2025 21:15:50.749] [main/DEBUG] [mixin/]: MixinPlatformAgentDefault accepted container SecureJarResource(tycoonlib)
[17Sep2025 21:15:50.749] [main/DEBUG] [mixin/]: Processing prepare() for PlatformAgent[MixinPlatformAgentDefault:SecureJarResource(tycoonlib)]
[17Sep2025 21:15:50.750] [main/DEBUG] [mixin/]: Adding mixin platform agents for container SecureJarResource(geckolib)
[17Sep2025 21:15:50.750] [main/DEBUG] [mixin/]: Instancing new MixinPlatformAgentMinecraftForge for SecureJarResource(geckolib)
[17Sep2025 21:15:50.750] [main/DEBUG] [mixin/]: MixinPlatformAgentMinecraftForge rejected container SecureJarResource(geckolib)
[17Sep2025 21:15:50.750] [main/DEBUG] [mixin/]: Instancing new MixinPlatformAgentDefault for SecureJarResource(geckolib)
[17Sep2025 21:15:50.750] [main/DEBUG] [mixin/]: MixinPlatformAgentDefault accepted container SecureJarResource(geckolib)
[17Sep2025 21:15:50.750] [main/DEBUG] [mixin/]: Processing prepare() for PlatformAgent[MixinPlatformAgentDefault:SecureJarResource(geckolib)]
[17Sep2025 21:15:50.750] [main/DEBUG] [mixin/]: Registering mixin config: geckolib.mixins.json
[17Sep2025 21:15:50.770] [main/DEBUG] [mixin/]: Compatibility level JAVA_17 specified by geckolib.mixins.json is higher than the maximum level supported by this version of mixin (JAVA_13).
[17Sep2025 21:15:50.780] [main/INFO] [mixin/]: Compatibility level set to JAVA_17
[17Sep2025 21:15:50.780] [main/DEBUG] [mixin/]: Adding mixin platform agents for container SecureJarResource(mclib)
[17Sep2025 21:15:50.780] [main/DEBUG] [mixin/]: Instancing new MixinPlatformAgentMinecraftForge for SecureJarResource(mclib)
[17Sep2025 21:15:50.780] [main/DEBUG] [mixin/]: MixinPlatformAgentMinecraftForge rejected container SecureJarResource(mclib)
[17Sep2025 21:15:50.780] [main/DEBUG] [mixin/]: Instancing new MixinPlatformAgentDefault for SecureJarResource(mclib)
[17Sep2025 21:15:50.781] [main/DEBUG] [mixin/]: MixinPlatformAgentDefault accepted container SecureJarResource(mclib)
[17Sep2025 21:15:50.781] [main/DEBUG] [mixin/]: Processing prepare() for PlatformAgent[MixinPlatformAgentDefault:SecureJarResource(mclib)]
[17Sep2025 21:15:50.781] [main/DEBUG] [mixin/]: inject() running with 6 agents
[17Sep2025 21:15:50.781] [main/DEBUG] [mixin/]: Processing inject() for PlatformAgent[MixinPlatformAgentDefault:ModLauncher Root Container(ModLauncher:4f56a0a2)]
[17Sep2025 21:15:50.781] [main/DEBUG] [mixin/]: Processing inject() for PlatformAgent[MixinPlatformAgentDefault:SecureJarResource(minecraft)]
[17Sep2025 21:15:50.781] [main/DEBUG] [mixin/]: Processing inject() for PlatformAgent[MixinPlatformAgentDefault:SecureJarResource(forge)]
[17Sep2025 21:15:50.781] [main/DEBUG] [mixin/]: Processing inject() for PlatformAgent[MixinPlatformAgentDefault:SecureJarResource(tycoonlib)]
[17Sep2025 21:15:50.781] [main/DEBUG] [mixin/]: Processing inject() for PlatformAgent[MixinPlatformAgentDefault:SecureJarResource(geckolib)]
[17Sep2025 21:15:50.782] [main/DEBUG] [mixin/]: Processing inject() for PlatformAgent[MixinPlatformAgentDefault:SecureJarResource(mclib)]
[17Sep2025 21:15:50.782] [main/INFO] [cpw.mods.modlauncher.LaunchServiceHandler/MODLAUNCHER]: Launching target 'forgeclientuserdev' with arguments [--version, MOD_DEV, --gameDir, ., --assetsDir, C:\Users\brian\.mcreator\gradle\caches\forge_gradle\assets, --assetIndex, 5]
[17Sep2025 21:15:50.811] [main/DEBUG] [mixin/]: Error cleaning class output directory: .mixin.out
[17Sep2025 21:15:50.813] [main/DEBUG] [mixin/]: Preparing mixins for MixinEnvironment[DEFAULT]
[17Sep2025 21:15:50.814] [main/DEBUG] [mixin/]: Selecting config geckolib.mixins.json
[17Sep2025 21:15:51.150] [main/INFO] [mixin/]: Remapping refMap geckolib.refmap.json using D:\GitHub\TycoonLib/build/createSrgToMcp/output.srg
[17Sep2025 21:15:51.151] [main/DEBUG] [mixin/]: Preparing geckolib.mixins.json (1)
[17Sep2025 21:15:51.215] [main/DEBUG] [mixin/]: Registering new injector for @Inject with org.spongepowered.asm.mixin.injection.struct.CallbackInjectionInfo
[17Sep2025 21:15:51.218] [main/DEBUG] [mixin/]: Registering new injector for @ModifyArg with org.spongepowered.asm.mixin.injection.struct.ModifyArgInjectionInfo
[17Sep2025 21:15:51.220] [main/DEBUG] [mixin/]: Registering new injector for @ModifyArgs with org.spongepowered.asm.mixin.injection.struct.ModifyArgsInjectionInfo
[17Sep2025 21:15:51.222] [main/DEBUG] [mixin/]: Registering new injector for @Redirect with org.spongepowered.asm.mixin.injection.struct.RedirectInjectionInfo
[17Sep2025 21:15:51.224] [main/DEBUG] [mixin/]: Registering new injector for @ModifyVariable with org.spongepowered.asm.mixin.injection.struct.ModifyVariableInjectionInfo
[17Sep2025 21:15:51.227] [main/DEBUG] [mixin/]: Registering new injector for @ModifyConstant with org.spongepowered.asm.mixin.injection.struct.ModifyConstantInjectionInfo
[17Sep2025 21:15:51.231] [main/DEBUG] [mixin/]: Prepared 1 mixins in 0.416 sec (416.0ms avg) (0ms load, 0ms transform, 0ms plugin)
[17Sep2025 21:15:51.611] [main/DEBUG] [io.netty.util.internal.logging.InternalLoggerFactory/]: Using SLF4J as the default logging framework
[17Sep2025 21:15:51.615] [main/DEBUG] [io.netty.util.ResourceLeakDetector/]: -Dio.netty.leakDetection.level: simple
[17Sep2025 21:15:51.615] [main/DEBUG] [io.netty.util.ResourceLeakDetector/]: -Dio.netty.leakDetection.targetRecords: 4
[17Sep2025 21:15:51.738] [main/DEBUG] [oshi.util.FileUtil/]: No oshi.properties file found from ClassLoader cpw.mods.modlauncher.TransformingClassLoader@708eb310
[17Sep2025 21:15:52.017] [main/DEBUG] [oshi.util.FileUtil/]: No oshi.architecture.properties file found from ClassLoader cpw.mods.modlauncher.TransformingClassLoader@708eb310
[17Sep2025 21:15:52.331] [pool-4-thread-1/DEBUG] [net.minecraftforge.coremod.transformer.CoreModBaseTransformer/COREMOD]: Transforming net/minecraft/world/entity/EntityType
[17Sep2025 21:15:52.952] [pool-4-thread-1/DEBUG] [net.minecraftforge.coremod.transformer.CoreModBaseTransformer/COREMOD]: Transforming net/minecraft/world/level/block/LiquidBlock
[17Sep2025 21:15:52.999] [pool-4-thread-1/DEBUG] [net.minecraftforge.coremod.transformer.CoreModBaseTransformer/COREMOD]: Transforming net/minecraft/world/level/block/StairBlock
[17Sep2025 21:15:53.071] [pool-4-thread-1/DEBUG] [net.minecraftforge.coremod.transformer.CoreModBaseTransformer/COREMOD]: Transforming net/minecraft/world/level/block/FlowerPotBlock
[17Sep2025 21:15:53.768] [pool-4-thread-1/DEBUG] [net.minecraftforge.coremod.transformer.CoreModBaseTransformer/COREMOD]: Transforming net/minecraft/world/item/ItemStack
[17Sep2025 21:15:54.270] [pool-4-thread-1/DEBUG] [net.minecraftforge.coremod.transformer.CoreModBaseTransformer/COREMOD]: Transforming net/minecraft/world/entity/animal/frog/Tadpole
[17Sep2025 21:15:54.311] [pool-4-thread-1/DEBUG] [net.minecraftforge.coremod.transformer.CoreModBaseTransformer/COREMOD]: Transforming net/minecraft/world/item/BucketItem
[17Sep2025 21:15:55.033] [pool-4-thread-1/DEBUG] [net.minecraftforge.coremod.transformer.CoreModBaseTransformer/COREMOD]: Transforming net/minecraft/world/entity/monster/Spider
[17Sep2025 21:15:55.101] [pool-4-thread-1/DEBUG] [net.minecraftforge.coremod.transformer.CoreModBaseTransformer/COREMOD]: Transforming net/minecraft/world/entity/monster/Zombie
[17Sep2025 21:15:55.122] [Datafixer Bootstrap/INFO] [com.mojang.datafixers.DataFixerBuilder/]: 188 Datafixer optimizations took 166 milliseconds
[17Sep2025 21:15:55.142] [pool-4-thread-1/DEBUG] [net.minecraftforge.coremod.transformer.CoreModBaseTransformer/COREMOD]: Transforming net/minecraft/world/entity/monster/ZombieVillager
[17Sep2025 21:15:55.191] [pool-4-thread-1/DEBUG] [net.minecraftforge.coremod.transformer.CoreModBaseTransformer/COREMOD]: Transforming net/minecraft/world/entity/monster/Evoker$EvokerSummonSpellGoal
[17Sep2025 21:15:55.337] [pool-4-thread-1/DEBUG] [net.minecraftforge.coremod.transformer.CoreModBaseTransformer/COREMOD]: Transforming net/minecraft/world/entity/animal/horse/SkeletonTrapGoal
[17Sep2025 21:15:55.355] [pool-4-thread-1/DEBUG] [net.minecraftforge.coremod.transformer.CoreModBaseTransformer/COREMOD]: Transforming net/minecraft/world/entity/monster/Strider
[17Sep2025 21:15:55.476] [pool-4-thread-1/DEBUG] [net.minecraftforge.coremod.transformer.CoreModBaseTransformer/COREMOD]: Transforming net/minecraft/world/entity/npc/Villager
[17Sep2025 21:15:55.556] [pool-4-thread-1/DEBUG] [net.minecraftforge.coremod.transformer.CoreModBaseTransformer/COREMOD]: Transforming net/minecraft/world/effect/MobEffectInstance
[17Sep2025 21:15:56.104] [pool-4-thread-1/DEBUG] [net.minecraftforge.coremod.transformer.CoreModBaseTransformer/COREMOD]: Transforming net/minecraft/world/level/levelgen/structure/Structure
[17Sep2025 21:15:56.172] [pool-4-thread-1/DEBUG] [net.minecraftforge.coremod.transformer.CoreModBaseTransformer/COREMOD]: Transforming net/minecraft/world/level/levelgen/structure/structures/OceanRuinPieces$OceanRuinPiece
[17Sep2025 21:15:56.197] [pool-4-thread-1/DEBUG] [net.minecraftforge.coremod.transformer.CoreModBaseTransformer/COREMOD]: Transforming net/minecraft/world/level/levelgen/structure/structures/SwampHutPiece
[17Sep2025 21:15:56.219] [pool-4-thread-1/DEBUG] [net.minecraftforge.coremod.transformer.CoreModBaseTransformer/COREMOD]: Transforming net/minecraft/world/level/levelgen/structure/structures/OceanMonumentPieces$OceanMonumentPiece
[17Sep2025 21:15:56.265] [pool-4-thread-1/DEBUG] [net.minecraftforge.coremod.transformer.CoreModBaseTransformer/COREMOD]: Transforming net/minecraft/world/level/levelgen/structure/structures/WoodlandMansionPieces$WoodlandMansionPiece
[17Sep2025 21:15:56.402] [pool-4-thread-1/DEBUG] [net.minecraftforge.coremod.transformer.CoreModBaseTransformer/COREMOD]: Transforming net/minecraft/world/level/biome/Biome
[17Sep2025 21:15:56.620] [pool-4-thread-1/DEBUG] [net.minecraftforge.registries.GameData/REGISTRIES]: Creating vanilla freeze snapshot
[17Sep2025 21:15:56.623] [pool-4-thread-1/DEBUG] [net.minecraftforge.registries.ForgeRegistry/REGISTRIES]: Registry minecraft:block Sync: VANILLA -> ACTIVE
[17Sep2025 21:15:56.631] [pool-4-thread-1/DEBUG] [net.minecraftforge.registries.ForgeRegistry/REGISTRIES]: Registry minecraft:fluid Sync: VANILLA -> ACTIVE
[17Sep2025 21:15:56.631] [pool-4-thread-1/DEBUG] [net.minecraftforge.registries.ForgeRegistry/REGISTRIES]: Registry minecraft:item Sync: VANILLA -> ACTIVE
[17Sep2025 21:15:56.639] [pool-4-thread-1/DEBUG] [net.minecraftforge.registries.ForgeRegistry/REGISTRIES]: Registry minecraft:mob_effect Sync: VANILLA -> ACTIVE
[17Sep2025 21:15:56.639] [pool-4-thread-1/DEBUG] [net.minecraftforge.registries.ForgeRegistry/REGISTRIES]: Registry minecraft:sound_event Sync: VANILLA -> ACTIVE
[17Sep2025 21:15:56.647] [pool-4-thread-1/DEBUG] [net.minecraftforge.registries.ForgeRegistry/REGISTRIES]: Registry minecraft:potion Sync: VANILLA -> ACTIVE
[17Sep2025 21:15:56.647] [pool-4-thread-1/DEBUG] [net.minecraftforge.registries.ForgeRegistry/REGISTRIES]: Registry minecraft:enchantment Sync: VANILLA -> ACTIVE
[17Sep2025 21:15:56.647] [pool-4-thread-1/DEBUG] [net.minecraftforge.registries.ForgeRegistry/REGISTRIES]: Registry minecraft:entity_type Sync: VANILLA -> ACTIVE
[17Sep2025 21:15:56.648] [pool-4-thread-1/DEBUG] [net.minecraftforge.registries.ForgeRegistry/REGISTRIES]: Registry minecraft:block_entity_type Sync: VANILLA -> ACTIVE
[17Sep2025 21:15:56.648] [pool-4-thread-1/DEBUG] [net.minecraftforge.registries.ForgeRegistry/REGISTRIES]: Registry minecraft:particle_type Sync: VANILLA -> ACTIVE
[17Sep2025 21:15:56.649] [pool-4-thread-1/DEBUG] [net.minecraftforge.registries.ForgeRegistry/REGISTRIES]: Registry minecraft:menu Sync: VANILLA -> ACTIVE
[17Sep2025 21:15:56.649] [pool-4-thread-1/DEBUG] [net.minecraftforge.registries.ForgeRegistry/REGISTRIES]: Registry minecraft:painting_variant Sync: VANILLA -> ACTIVE
[17Sep2025 21:15:56.649] [pool-4-thread-1/DEBUG] [net.minecraftforge.registries.ForgeRegistry/REGISTRIES]: Registry minecraft:recipe_type Sync: VANILLA -> ACTIVE
[17Sep2025 21:15:56.650] [pool-4-thread-1/DEBUG] [net.minecraftforge.registries.ForgeRegistry/REGISTRIES]: Registry minecraft:recipe_serializer Sync: VANILLA -> ACTIVE
[17Sep2025 21:15:56.650] [pool-4-thread-1/DEBUG] [net.minecraftforge.registries.ForgeRegistry/REGISTRIES]: Registry minecraft:attribute Sync: VANILLA -> ACTIVE
[17Sep2025 21:15:56.650] [pool-4-thread-1/DEBUG] [net.minecraftforge.registries.ForgeRegistry/REGISTRIES]: Registry minecraft:stat_type Sync: VANILLA -> ACTIVE
[17Sep2025 21:15:56.650] [pool-4-thread-1/DEBUG] [net.minecraftforge.registries.ForgeRegistry/REGISTRIES]: Registry minecraft:command_argument_type Sync: VANILLA -> ACTIVE
[17Sep2025 21:15:56.650] [pool-4-thread-1/DEBUG] [net.minecraftforge.registries.ForgeRegistry/REGISTRIES]: Registry minecraft:villager_profession Sync: VANILLA -> ACTIVE
[17Sep2025 21:15:56.650] [pool-4-thread-1/DEBUG] [net.minecraftforge.registries.ForgeRegistry/REGISTRIES]: Registry minecraft:point_of_interest_type Sync: VANILLA -> ACTIVE
[17Sep2025 21:15:56.652] [pool-4-thread-1/DEBUG] [net.minecraftforge.registries.ForgeRegistry/REGISTRIES]: Registry minecraft:memory_module_type Sync: VANILLA -> ACTIVE
[17Sep2025 21:15:56.653] [pool-4-thread-1/DEBUG] [net.minecraftforge.registries.ForgeRegistry/REGISTRIES]: Registry minecraft:sensor_type Sync: VANILLA -> ACTIVE
[17Sep2025 21:15:56.653] [pool-4-thread-1/DEBUG] [net.minecraftforge.registries.ForgeRegistry/REGISTRIES]: Registry minecraft:schedule Sync: VANILLA -> ACTIVE
[17Sep2025 21:15:56.653] [pool-4-thread-1/DEBUG] [net.minecraftforge.registries.ForgeRegistry/REGISTRIES]: Registry minecraft:activity Sync: VANILLA -> ACTIVE
[17Sep2025 21:15:56.653] [pool-4-thread-1/DEBUG] [net.minecraftforge.registries.ForgeRegistry/REGISTRIES]: Registry minecraft:worldgen/carver Sync: VANILLA -> ACTIVE
[17Sep2025 21:15:56.654] [pool-4-thread-1/DEBUG] [net.minecraftforge.registries.ForgeRegistry/REGISTRIES]: Registry minecraft:worldgen/feature Sync: VANILLA -> ACTIVE
[17Sep2025 21:15:56.654] [pool-4-thread-1/DEBUG] [net.minecraftforge.registries.ForgeRegistry/REGISTRIES]: Registry minecraft:chunk_status Sync: VANILLA -> ACTIVE
[17Sep2025 21:15:56.654] [pool-4-thread-1/DEBUG] [net.minecraftforge.registries.ForgeRegistry/REGISTRIES]: Registry minecraft:worldgen/block_state_provider_type Sync: VANILLA -> ACTIVE
[17Sep2025 21:15:56.654] [pool-4-thread-1/DEBUG] [net.minecraftforge.registries.ForgeRegistry/REGISTRIES]: Registry minecraft:worldgen/foliage_placer_type Sync: VANILLA -> ACTIVE
[17Sep2025 21:15:56.654] [pool-4-thread-1/DEBUG] [net.minecraftforge.registries.ForgeRegistry/REGISTRIES]: Registry minecraft:worldgen/tree_decorator_type Sync: VANILLA -> ACTIVE
[17Sep2025 21:15:56.654] [pool-4-thread-1/DEBUG] [net.minecraftforge.registries.ForgeRegistry/REGISTRIES]: Registry minecraft:worldgen/biome Sync: VANILLA -> ACTIVE
[17Sep2025 21:15:56.659] [pool-4-thread-1/DEBUG] [net.minecraftforge.registries.GameData/REGISTRIES]: Vanilla freeze snapshot created
[17Sep2025 21:15:56.874] [Render thread/WARN] [net.minecraft.server.packs.VanillaPackResourcesBuilder/]: Assets URL 'union:/C:/Users/brian/.mcreator/gradle/caches/forge_gradle/minecraft_user_repo/net/minecraftforge/forge/1.20.1-47.3.0_mapped_official_1.20.1/forge-1.20.1-47.3.0_mapped_official_1.20.1-recomp.jar%23191!/assets/.mcassetsroot' uses unexpected schema
[17Sep2025 21:15:56.875] [Render thread/WARN] [net.minecraft.server.packs.VanillaPackResourcesBuilder/]: Assets URL 'union:/C:/Users/brian/.mcreator/gradle/caches/forge_gradle/minecraft_user_repo/net/minecraftforge/forge/1.20.1-47.3.0_mapped_official_1.20.1/forge-1.20.1-47.3.0_mapped_official_1.20.1-recomp.jar%23191!/data/.mcassetsroot' uses unexpected schema
[17Sep2025 21:15:56.895] [Render thread/INFO] [com.mojang.authlib.yggdrasil.YggdrasilAuthenticationService/]: Environment: authHost='https://authserver.mojang.com', accountsHost='https://api.mojang.com', sessionHost='https://sessionserver.mojang.com', servicesHost='https://api.minecraftservices.com', name='PROD'
[17Sep2025 21:15:56.901] [Render thread/INFO] [net.minecraft.client.Minecraft/]: Setting user: Dev
[17Sep2025 21:15:57.039] [Render thread/INFO] [net.minecraft.client.Minecraft/]: Backend library: LWJGL version 3.3.1 build 7
[17Sep2025 21:15:57.296] [Render thread/DEBUG] [net.minecraftforge.common.ForgeI18n/CORE]: Loading I18N data entries: 6430
[17Sep2025 21:15:57.325] [Render thread/DEBUG] [net.minecraftforge.fml.ModWorkManager/LOADING]: Using 12 threads for parallel mod-loading
[17Sep2025 21:15:57.345] [Render thread/DEBUG] [net.minecraftforge.fml.javafmlmod.FMLJavaModLanguageProvider/LOADING]: Loading FMLModContainer from classloader cpw.mods.modlauncher.TransformingClassLoader@708eb310 - got cpw.mods.cl.ModuleClassLoader@546621c4
[17Sep2025 21:15:57.345] [Render thread/DEBUG] [net.minecraftforge.fml.javafmlmod.FMLModContainer/LOADING]: Creating FMLModContainer instance for net.minecraftforge.common.ForgeMod
[17Sep2025 21:15:57.355] [Render thread/DEBUG] [net.minecraftforge.fml.javafmlmod.FMLJavaModLanguageProvider/LOADING]: Loading FMLModContainer from classloader cpw.mods.modlauncher.TransformingClassLoader@708eb310 - got cpw.mods.cl.ModuleClassLoader@546621c4
[17Sep2025 21:15:57.356] [Render thread/DEBUG] [net.minecraftforge.fml.javafmlmod.FMLModContainer/LOADING]: Creating FMLModContainer instance for net.devmultiverse.tycoonlib.TycoonlibMod
[17Sep2025 21:15:57.357] [Render thread/DEBUG] [net.minecraftforge.fml.javafmlmod.FMLJavaModLanguageProvider/LOADING]: Loading FMLModContainer from classloader cpw.mods.modlauncher.TransformingClassLoader@708eb310 - got cpw.mods.cl.ModuleClassLoader@546621c4
[17Sep2025 21:15:57.358] [Render thread/DEBUG] [net.minecraftforge.fml.javafmlmod.FMLModContainer/LOADING]: Creating FMLModContainer instance for software.bernie.example.GeckoLibMod
[17Sep2025 21:15:57.409] [modloading-worker-0/DEBUG] [net.minecraftforge.versions.forge.ForgeVersion/CORE]: Forge Version package package net.minecraftforge.versions.forge, Forge, version 47.3 from cpw.mods.modlauncher.TransformingClassLoader@708eb310
[17Sep2025 21:15:57.410] [modloading-worker-0/DEBUG] [net.minecraftforge.versions.forge.ForgeVersion/CORE]: Found Forge version 47.3.0
[17Sep2025 21:15:57.410] [modloading-worker-0/DEBUG] [net.minecraftforge.versions.forge.ForgeVersion/CORE]: Found Forge spec 47.3
[17Sep2025 21:15:57.410] [modloading-worker-0/DEBUG] [net.minecraftforge.versions.forge.ForgeVersion/CORE]: Found Forge group net.minecraftforge
[17Sep2025 21:15:57.412] [modloading-worker-0/DEBUG] [net.minecraftforge.versions.mcp.MCPVersion/CORE]: MCP Version package package net.minecraftforge.versions.mcp, Minecraft, version 1.20.1 from cpw.mods.modlauncher.TransformingClassLoader@708eb310
[17Sep2025 21:15:57.412] [modloading-worker-0/DEBUG] [net.minecraftforge.versions.mcp.MCPVersion/CORE]: Found MC version information 1.20.1
[17Sep2025 21:15:57.412] [modloading-worker-0/DEBUG] [net.minecraftforge.versions.mcp.MCPVersion/CORE]: Found MCP version information 20230612.114412
[17Sep2025 21:15:57.412] [modloading-worker-0/INFO] [net.minecraftforge.common.ForgeMod/FORGEMOD]: Forge mod loading, version 47.3.0, for MC 1.20.1 with MCP 20230612.114412
[17Sep2025 21:15:57.417] [modloading-worker-0/INFO] [net.minecraftforge.common.MinecraftForge/FORGE]: MinecraftForge v47.3.0 Initialized
[17Sep2025 21:15:57.497] [modloading-worker-0/DEBUG] [net.minecraftforge.fml.javafmlmod.AutomaticEventSubscriber/LOADING]: Attempting to inject @EventBusSubscriber classes into the eventbus for geckolib
[17Sep2025 21:15:57.501] [modloading-worker-0/DEBUG] [net.minecraftforge.fml.javafmlmod.AutomaticEventSubscriber/LOADING]: Attempting to inject @EventBusSubscriber classes into the eventbus for tycoonlib
[17Sep2025 21:15:57.506] [modloading-worker-0/DEBUG] [net.minecraftforge.fml.javafmlmod.AutomaticEventSubscriber/LOADING]: Auto-subscribing software.bernie.example.GeckoLibMod to FORGE
[17Sep2025 21:15:57.506] [modloading-worker-0/DEBUG] [net.minecraftforge.fml.javafmlmod.AutomaticEventSubscriber/LOADING]: Auto-subscribing net.devmultiverse.tycoonlib.block.listener.ClientListener to MOD
[17Sep2025 21:15:57.507] [modloading-worker-0/DEBUG] [net.minecraftforge.fml.javafmlmod.AutomaticEventSubscriber/LOADING]: Auto-subscribing software.bernie.example.CommonListener to MOD
[17Sep2025 21:15:57.510] [modloading-worker-0/DEBUG] [net.minecraftforge.fml.javafmlmod.AutomaticEventSubscriber/LOADING]: Auto-subscribing software.bernie.example.ClientListener to MOD
[17Sep2025 21:15:57.512] [modloading-worker-0/DEBUG] [net.minecraftforge.fml.javafmlmod.AutomaticEventSubscriber/LOADING]: Auto-subscribing net.devmultiverse.tycoonlib.init.TycoonlibModScreens to MOD
[17Sep2025 21:15:57.516] [modloading-worker-0/DEBUG] [net.minecraftforge.fml.javafmlmod.AutomaticEventSubscriber/LOADING]: Auto-subscribing net.devmultiverse.tycoonlib.network.RestaurantBoardGUIButtonMessage to MOD
[17Sep2025 21:15:57.519] [modloading-worker-0/DEBUG] [net.minecraftforge.fml.javafmlmod.AutomaticEventSubscriber/LOADING]: Auto-subscribing net.devmultiverse.tycoonlib.network.SetFloorLevelButtonMessage to MOD
[17Sep2025 21:15:57.528] [modloading-worker-0/DEBUG] [io.netty.util.internal.PlatformDependent0/]: -Dio.netty.noUnsafe: false
[17Sep2025 21:15:57.529] [modloading-worker-0/DEBUG] [io.netty.util.internal.PlatformDependent0/]: Java version: 17
[17Sep2025 21:15:57.530] [modloading-worker-0/DEBUG] [io.netty.util.internal.PlatformDependent0/]: sun.misc.Unsafe.theUnsafe: available
[17Sep2025 21:15:57.530] [modloading-worker-0/DEBUG] [io.netty.util.internal.PlatformDependent0/]: sun.misc.Unsafe.copyMemory: available
[17Sep2025 21:15:57.531] [modloading-worker-0/DEBUG] [io.netty.util.internal.PlatformDependent0/]: sun.misc.Unsafe.storeFence: available
[17Sep2025 21:15:57.531] [modloading-worker-0/DEBUG] [io.netty.util.internal.PlatformDependent0/]: java.nio.Buffer.address: available
[17Sep2025 21:15:57.531] [modloading-worker-0/DEBUG] [io.netty.util.internal.PlatformDependent0/]: direct buffer constructor: unavailable
java.lang.UnsupportedOperationException: Reflective setAccessible(true) disabled
	at io.netty.util.internal.ReflectionUtil.trySetAccessible(ReflectionUtil.java:31) ~[netty-common-4.1.82.Final.jar%23151!/:4.1.82.Final]
	at io.netty.util.internal.PlatformDependent0$5.run(PlatformDependent0.java:288) ~[netty-common-4.1.82.Final.jar%23151!/:4.1.82.Final]
	at java.security.AccessController.doPrivileged(AccessController.java:318) ~[?:?]
	at io.netty.util.internal.PlatformDependent0.<clinit>(PlatformDependent0.java:282) ~[netty-common-4.1.82.Final.jar%23151!/:4.1.82.Final]
	at io.netty.util.internal.PlatformDependent.isAndroid(PlatformDependent.java:333) ~[netty-common-4.1.82.Final.jar%23151!/:4.1.82.Final]
	at io.netty.util.internal.PlatformDependent.<clinit>(PlatformDependent.java:88) ~[netty-common-4.1.82.Final.jar%23151!/:4.1.82.Final]
	at io.netty.util.ConstantPool.<init>(ConstantPool.java:34) ~[netty-common-4.1.82.Final.jar%23151!/:4.1.82.Final]
	at io.netty.util.AttributeKey$1.<init>(AttributeKey.java:27) ~[netty-common-4.1.82.Final.jar%23151!/:4.1.82.Final]
	at io.netty.util.AttributeKey.<clinit>(AttributeKey.java:27) ~[netty-common-4.1.82.Final.jar%23151!/:4.1.82.Final]
	at net.minecraftforge.network.NetworkConstants.<clinit>(NetworkConstants.java:34) ~[forge-1.20.1-47.3.0_mapped_official_1.20.1-recomp.jar%23190%23197!/:?]
	at net.minecraftforge.common.ForgeMod.<init>(ForgeMod.java:429) ~[forge-1.20.1-47.3.0_mapped_official_1.20.1-recomp.jar%23190%23197!/:?]
	at jdk.internal.reflect.NativeConstructorAccessorImpl.newInstance0(Native Method) ~[?:?]
	at jdk.internal.reflect.NativeConstructorAccessorImpl.newInstance(NativeConstructorAccessorImpl.java:77) ~[?:?]
	at jdk.internal.reflect.DelegatingConstructorAccessorImpl.newInstance(DelegatingConstructorAccessorImpl.java:45) ~[?:?]
	at java.lang.reflect.Constructor.newInstanceWithCaller(Constructor.java:500) ~[?:?]
	at java.lang.reflect.Constructor.newInstance(Constructor.java:481) ~[?:?]
	at net.minecraftforge.fml.javafmlmod.FMLModContainer.constructMod(FMLModContainer.java:70) ~[javafmllanguage-1.20.1-47.3.0.jar%23192!/:?]
	at net.minecraftforge.fml.ModContainer.lambda$buildTransitionHandler$4(ModContainer.java:124) ~[fmlcore-1.20.1-47.3.0.jar%23195!/:?]
	at java.util.concurrent.CompletableFuture$AsyncRun.run(CompletableFuture.java:1804) ~[?:?]
	at java.util.concurrent.CompletableFuture$AsyncRun.exec(CompletableFuture.java:1796) ~[?:?]
	at java.util.concurrent.ForkJoinTask.doExec(ForkJoinTask.java:373) ~[?:?]
	at java.util.concurrent.ForkJoinPool$WorkQueue.topLevelExec(ForkJoinPool.java:1182) ~[?:?]
	at java.util.concurrent.ForkJoinPool.scan(ForkJoinPool.java:1655) ~[?:?]
	at java.util.concurrent.ForkJoinPool.runWorker(ForkJoinPool.java:1622) ~[?:?]
	at java.util.concurrent.ForkJoinWorkerThread.run(ForkJoinWorkerThread.java:165) ~[?:?]
[17Sep2025 21:15:57.535] [modloading-worker-0/DEBUG] [io.netty.util.internal.PlatformDependent0/]: java.nio.Bits.unaligned: available, true
[17Sep2025 21:15:57.537] [modloading-worker-0/DEBUG] [io.netty.util.internal.PlatformDependent0/]: jdk.internal.misc.Unsafe.allocateUninitializedArray(int): unavailable
java.lang.IllegalAccessException: class io.netty.util.internal.PlatformDependent0$7 (in module io.netty.common) cannot access class jdk.internal.misc.Unsafe (in module java.base) because module java.base does not export jdk.internal.misc to module io.netty.common
	at jdk.internal.reflect.Reflection.newIllegalAccessException(Reflection.java:392) ~[?:?]
	at java.lang.reflect.AccessibleObject.checkAccess(AccessibleObject.java:674) ~[?:?]
	at java.lang.reflect.Method.invoke(Method.java:561) ~[?:?]
	at io.netty.util.internal.PlatformDependent0$7.run(PlatformDependent0.java:410) ~[netty-common-4.1.82.Final.jar%23151!/:4.1.82.Final]
	at java.security.AccessController.doPrivileged(AccessController.java:318) ~[?:?]
	at io.netty.util.internal.PlatformDependent0.<clinit>(PlatformDependent0.java:401) ~[netty-common-4.1.82.Final.jar%23151!/:4.1.82.Final]
	at io.netty.util.internal.PlatformDependent.isAndroid(PlatformDependent.java:333) ~[netty-common-4.1.82.Final.jar%23151!/:4.1.82.Final]
	at io.netty.util.internal.PlatformDependent.<clinit>(PlatformDependent.java:88) ~[netty-common-4.1.82.Final.jar%23151!/:4.1.82.Final]
	at io.netty.util.ConstantPool.<init>(ConstantPool.java:34) ~[netty-common-4.1.82.Final.jar%23151!/:4.1.82.Final]
	at io.netty.util.AttributeKey$1.<init>(AttributeKey.java:27) ~[netty-common-4.1.82.Final.jar%23151!/:4.1.82.Final]
	at io.netty.util.AttributeKey.<clinit>(AttributeKey.java:27) ~[netty-common-4.1.82.Final.jar%23151!/:4.1.82.Final]
	at net.minecraftforge.network.NetworkConstants.<clinit>(NetworkConstants.java:34) ~[forge-1.20.1-47.3.0_mapped_official_1.20.1-recomp.jar%23190%23197!/:?]
	at net.minecraftforge.common.ForgeMod.<init>(ForgeMod.java:429) ~[forge-1.20.1-47.3.0_mapped_official_1.20.1-recomp.jar%23190%23197!/:?]
	at jdk.internal.reflect.NativeConstructorAccessorImpl.newInstance0(Native Method) ~[?:?]
	at jdk.internal.reflect.NativeConstructorAccessorImpl.newInstance(NativeConstructorAccessorImpl.java:77) ~[?:?]
	at jdk.internal.reflect.DelegatingConstructorAccessorImpl.newInstance(DelegatingConstructorAccessorImpl.java:45) ~[?:?]
	at java.lang.reflect.Constructor.newInstanceWithCaller(Constructor.java:500) ~[?:?]
	at java.lang.reflect.Constructor.newInstance(Constructor.java:481) ~[?:?]
	at net.minecraftforge.fml.javafmlmod.FMLModContainer.constructMod(FMLModContainer.java:70) ~[javafmllanguage-1.20.1-47.3.0.jar%23192!/:?]
	at net.minecraftforge.fml.ModContainer.lambda$buildTransitionHandler$4(ModContainer.java:124) ~[fmlcore-1.20.1-47.3.0.jar%23195!/:?]
	at java.util.concurrent.CompletableFuture$AsyncRun.run(CompletableFuture.java:1804) ~[?:?]
	at java.util.concurrent.CompletableFuture$AsyncRun.exec(CompletableFuture.java:1796) ~[?:?]
	at java.util.concurrent.ForkJoinTask.doExec(ForkJoinTask.java:373) ~[?:?]
	at java.util.concurrent.ForkJoinPool$WorkQueue.topLevelExec(ForkJoinPool.java:1182) ~[?:?]
	at java.util.concurrent.ForkJoinPool.scan(ForkJoinPool.java:1655) ~[?:?]
	at java.util.concurrent.ForkJoinPool.runWorker(ForkJoinPool.java:1622) ~[?:?]
	at java.util.concurrent.ForkJoinWorkerThread.run(ForkJoinWorkerThread.java:165) ~[?:?]
[17Sep2025 21:15:57.539] [modloading-worker-0/DEBUG] [io.netty.util.internal.PlatformDependent0/]: java.nio.DirectByteBuffer.<init>(long, int): unavailable
[17Sep2025 21:15:57.539] [modloading-worker-0/DEBUG] [io.netty.util.internal.PlatformDependent/]: sun.misc.Unsafe: available
[17Sep2025 21:15:57.541] [modloading-worker-0/DEBUG] [io.netty.util.internal.PlatformDependent/]: maxDirectMemory: 8413773824 bytes (maybe)
[17Sep2025 21:15:57.542] [modloading-worker-0/DEBUG] [io.netty.util.internal.PlatformDependent/]: -Dio.netty.tmpdir: C:\Users\brian\AppData\Local\Temp (java.io.tmpdir)
[17Sep2025 21:15:57.542] [modloading-worker-0/DEBUG] [io.netty.util.internal.PlatformDependent/]: -Dio.netty.bitMode: 64 (sun.arch.data.model)
[17Sep2025 21:15:57.542] [modloading-worker-0/DEBUG] [io.netty.util.internal.PlatformDependent/]: Platform: Windows
[17Sep2025 21:15:57.543] [modloading-worker-0/DEBUG] [io.netty.util.internal.PlatformDependent/]: -Dio.netty.maxDirectMemory: -1 bytes
[17Sep2025 21:15:57.544] [modloading-worker-0/DEBUG] [io.netty.util.internal.PlatformDependent/]: -Dio.netty.uninitializedArrayAllocationThreshold: -1
[17Sep2025 21:15:57.545] [modloading-worker-0/DEBUG] [io.netty.util.internal.CleanerJava9/]: java.nio.ByteBuffer.cleaner(): available
[17Sep2025 21:15:57.545] [modloading-worker-0/DEBUG] [io.netty.util.internal.PlatformDependent/]: -Dio.netty.noPreferDirect: false
[17Sep2025 21:15:57.603] [modloading-worker-0/DEBUG] [net.minecraftforge.common.ForgeMod/FORGEMOD]: Loading Network data for FML net version: FML3
[17Sep2025 21:15:57.647] [modloading-worker-0/DEBUG] [net.minecraftforge.fml.config.ConfigTracker/CONFIG]: Config file forge-client.toml for forge tracking
[17Sep2025 21:15:57.647] [modloading-worker-0/DEBUG] [net.minecraftforge.fml.config.ConfigTracker/CONFIG]: Config file forge-server.toml for forge tracking
[17Sep2025 21:15:57.648] [modloading-worker-0/DEBUG] [net.minecraftforge.fml.ModLoadingContext/]: Attempted to register an empty config for type COMMON on mod forge
[17Sep2025 21:15:57.683] [modloading-worker-0/DEBUG] [net.minecraftforge.fml.javafmlmod.AutomaticEventSubscriber/LOADING]: Attempting to inject @EventBusSubscriber classes into the eventbus for forge
[17Sep2025 21:15:57.684] [modloading-worker-0/DEBUG] [net.minecraftforge.fml.javafmlmod.AutomaticEventSubscriber/LOADING]: Auto-subscribing net.minecraftforge.common.ForgeSpawnEggItem$CommonHandler to MOD
[17Sep2025 21:15:57.686] [modloading-worker-0/DEBUG] [net.minecraftforge.fml.javafmlmod.AutomaticEventSubscriber/LOADING]: Auto-subscribing net.minecraftforge.common.ForgeSpawnEggItem$ColorRegisterHandler to MOD
[17Sep2025 21:15:57.693] [modloading-worker-0/DEBUG] [net.minecraftforge.fml.javafmlmod.AutomaticEventSubscriber/LOADING]: Auto-subscribing net.minecraftforge.client.model.data.ModelDataManager to FORGE
[17Sep2025 21:15:57.695] [modloading-worker-0/DEBUG] [net.minecraftforge.fml.javafmlmod.AutomaticEventSubscriber/LOADING]: Auto-subscribing net.minecraftforge.client.ForgeHooksClient$ClientEvents to MOD
[17Sep2025 21:15:57.708] [modloading-worker-0/DEBUG] [net.minecraftforge.fml.javafmlmod.AutomaticEventSubscriber/LOADING]: Auto-subscribing net.minecraftforge.client.ClientForgeMod to MOD
[17Sep2025 21:15:57.758] [Render thread/DEBUG] [net.minecraftforge.registries.ObjectHolderRegistry/REGISTRIES]: Processing ObjectHolder annotations
[17Sep2025 21:15:57.794] [Render thread/DEBUG] [net.minecraftforge.registries.ObjectHolderRegistry/REGISTRIES]: Found 3906 ObjectHolder annotations
[17Sep2025 21:15:57.800] [Render thread/DEBUG] [net.minecraftforge.common.capabilities.CapabilityManager/CAPABILITIES]: Attempting to automatically register: Lnet/minecraftforge/energy/IEnergyStorage;
[17Sep2025 21:15:57.802] [Render thread/DEBUG] [net.minecraftforge.common.capabilities.CapabilityManager/CAPABILITIES]: Attempting to automatically register: Lnet/minecraftforge/fluids/capability/IFluidHandler;
[17Sep2025 21:15:57.802] [Render thread/DEBUG] [net.minecraftforge.common.capabilities.CapabilityManager/CAPABILITIES]: Attempting to automatically register: Lnet/minecraftforge/fluids/capability/IFluidHandlerItem;
[17Sep2025 21:15:57.802] [Render thread/DEBUG] [net.minecraftforge.common.capabilities.CapabilityManager/CAPABILITIES]: Attempting to automatically register: Lnet/minecraftforge/items/IItemHandler;
[17Sep2025 21:15:57.804] [Render thread/DEBUG] [net.minecraftforge.registries.GameData/REGISTRIES]: Unfreezing vanilla registries
[17Sep2025 21:15:57.808] [Render thread/DEBUG] [net.minecraftforge.registries.GameData/REGISTRIES]: Applying holder lookups: minecraft:sound_event
[17Sep2025 21:15:57.812] [Render thread/DEBUG] [net.minecraftforge.registries.GameData/REGISTRIES]: Holder lookups applied: minecraft:sound_event
[17Sep2025 21:15:57.813] [Render thread/DEBUG] [net.minecraftforge.registries.GameData/REGISTRIES]: Applying holder lookups: minecraft:fluid
[17Sep2025 21:15:57.814] [Render thread/DEBUG] [net.minecraftforge.registries.GameData/REGISTRIES]: Holder lookups applied: minecraft:fluid
[17Sep2025 21:15:57.824] [Render thread/DEBUG] [net.minecraftforge.registries.GameData/REGISTRIES]: Applying holder lookups: minecraft:block
[17Sep2025 21:15:57.827] [Render thread/DEBUG] [net.minecraftforge.registries.GameData/REGISTRIES]: Holder lookups applied: minecraft:block
[17Sep2025 21:15:57.828] [Render thread/DEBUG] [net.minecraftforge.registries.GameData/REGISTRIES]: Applying holder lookups: minecraft:attribute
[17Sep2025 21:15:57.829] [Render thread/DEBUG] [net.minecraftforge.registries.GameData/REGISTRIES]: Holder lookups applied: minecraft:attribute
[17Sep2025 21:15:57.829] [Render thread/DEBUG] [net.minecraftforge.registries.GameData/REGISTRIES]: Applying holder lookups: minecraft:mob_effect
[17Sep2025 21:15:57.830] [Render thread/DEBUG] [net.minecraftforge.registries.GameData/REGISTRIES]: Holder lookups applied: minecraft:mob_effect
[17Sep2025 21:15:57.830] [Render thread/DEBUG] [net.minecraftforge.registries.GameData/REGISTRIES]: Applying holder lookups: minecraft:particle_type
[17Sep2025 21:15:57.831] [Render thread/DEBUG] [net.minecraftforge.registries.GameData/REGISTRIES]: Holder lookups applied: minecraft:particle_type
[17Sep2025 21:15:57.945] [Render thread/DEBUG] [software.bernie.geckolib.GeckoLib/]: Registered SyncedAnimatable for class software.bernie.example.item.JackInTheBoxItem
[17Sep2025 21:15:57.951] [Render thread/DEBUG] [net.minecraftforge.registries.GameData/REGISTRIES]: Applying holder lookups: minecraft:item
[17Sep2025 21:15:57.954] [Render thread/DEBUG] [net.minecraftforge.registries.GameData/REGISTRIES]: Holder lookups applied: minecraft:item
[17Sep2025 21:15:57.955] [Render thread/DEBUG] [net.minecraftforge.registries.GameData/REGISTRIES]: Applying holder lookups: minecraft:entity_type
[17Sep2025 21:15:57.956] [Render thread/DEBUG] [net.minecraftforge.registries.GameData/REGISTRIES]: Holder lookups applied: minecraft:entity_type
[17Sep2025 21:15:57.957] [Render thread/DEBUG] [net.minecraftforge.registries.GameData/REGISTRIES]: Applying holder lookups: minecraft:sensor_type
[17Sep2025 21:15:57.957] [Render thread/DEBUG] [net.minecraftforge.registries.GameData/REGISTRIES]: Holder lookups applied: minecraft:sensor_type
[17Sep2025 21:15:57.958] [Render thread/DEBUG] [net.minecraftforge.registries.GameData/REGISTRIES]: Applying holder lookups: minecraft:memory_module_type
[17Sep2025 21:15:57.958] [Render thread/DEBUG] [net.minecraftforge.registries.GameData/REGISTRIES]: Holder lookups applied: minecraft:memory_module_type
[17Sep2025 21:15:57.960] [Render thread/DEBUG] [net.minecraftforge.registries.GameData/REGISTRIES]: Applying holder lookups: minecraft:potion
[17Sep2025 21:15:57.961] [Render thread/DEBUG] [net.minecraftforge.registries.GameData/REGISTRIES]: Holder lookups applied: minecraft:potion
[17Sep2025 21:15:57.961] [Render thread/DEBUG] [net.minecraftforge.registries.GameData/REGISTRIES]: Applying holder lookups: minecraft:game_event
[17Sep2025 21:15:57.961] [Render thread/DEBUG] [net.minecraftforge.registries.GameData/REGISTRIES]: Holder lookups applied: minecraft:game_event
[17Sep2025 21:15:57.961] [Render thread/DEBUG] [net.minecraftforge.registries.GameData/REGISTRIES]: Applying holder lookups: minecraft:enchantment
[17Sep2025 21:15:57.962] [Render thread/DEBUG] [net.minecraftforge.registries.GameData/REGISTRIES]: Holder lookups applied: minecraft:enchantment
[17Sep2025 21:15:57.969] [Render thread/DEBUG] [net.minecraftforge.registries.GameData/REGISTRIES]: Applying holder lookups: minecraft:block_entity_type
[17Sep2025 21:15:57.970] [Render thread/DEBUG] [net.minecraftforge.registries.GameData/REGISTRIES]: Holder lookups applied: minecraft:block_entity_type
[17Sep2025 21:15:57.971] [Render thread/DEBUG] [net.minecraftforge.registries.GameData/REGISTRIES]: Applying holder lookups: minecraft:painting_variant
[17Sep2025 21:15:57.972] [Render thread/DEBUG] [net.minecraftforge.registries.GameData/REGISTRIES]: Holder lookups applied: minecraft:painting_variant
[17Sep2025 21:15:57.972] [Render thread/DEBUG] [net.minecraftforge.registries.GameData/REGISTRIES]: Applying holder lookups: minecraft:stat_type
[17Sep2025 21:15:57.973] [Render thread/DEBUG] [net.minecraftforge.registries.GameData/REGISTRIES]: Holder lookups applied: minecraft:stat_type
[17Sep2025 21:15:57.974] [Render thread/DEBUG] [net.minecraftforge.registries.GameData/REGISTRIES]: Applying holder lookups: minecraft:custom_stat
[17Sep2025 21:15:57.975] [Render thread/DEBUG] [net.minecraftforge.registries.GameData/REGISTRIES]: Holder lookups applied: minecraft:custom_stat
[17Sep2025 21:15:57.975] [Render thread/DEBUG] [net.minecraftforge.registries.GameData/REGISTRIES]: Applying holder lookups: minecraft:chunk_status
[17Sep2025 21:15:57.976] [Render thread/DEBUG] [net.minecraftforge.registries.GameData/REGISTRIES]: Holder lookups applied: minecraft:chunk_status
[17Sep2025 21:15:57.976] [Render thread/DEBUG] [net.minecraftforge.registries.GameData/REGISTRIES]: Applying holder lookups: minecraft:rule_test
[17Sep2025 21:15:57.977] [Render thread/DEBUG] [net.minecraftforge.registries.GameData/REGISTRIES]: Holder lookups applied: minecraft:rule_test
[17Sep2025 21:15:57.977] [Render thread/DEBUG] [net.minecraftforge.registries.GameData/REGISTRIES]: Applying holder lookups: minecraft:rule_block_entity_modifier
[17Sep2025 21:15:57.978] [Render thread/DEBUG] [net.minecraftforge.registries.GameData/REGISTRIES]: Holder lookups applied: minecraft:rule_block_entity_modifier
[17Sep2025 21:15:57.978] [Render thread/DEBUG] [net.minecraftforge.registries.GameData/REGISTRIES]: Applying holder lookups: minecraft:pos_rule_test
[17Sep2025 21:15:57.979] [Render thread/DEBUG] [net.minecraftforge.registries.GameData/REGISTRIES]: Holder lookups applied: minecraft:pos_rule_test
[17Sep2025 21:15:57.987] [Render thread/DEBUG] [net.minecraftforge.registries.GameData/REGISTRIES]: Applying holder lookups: minecraft:menu
[17Sep2025 21:15:57.989] [Render thread/DEBUG] [net.minecraftforge.registries.GameData/REGISTRIES]: Holder lookups applied: minecraft:menu
[17Sep2025 21:15:57.989] [Render thread/DEBUG] [net.minecraftforge.registries.GameData/REGISTRIES]: Applying holder lookups: minecraft:recipe_type
[17Sep2025 21:15:57.990] [Render thread/DEBUG] [net.minecraftforge.registries.GameData/REGISTRIES]: Holder lookups applied: minecraft:recipe_type
[17Sep2025 21:15:58.013] [Render thread/DEBUG] [net.minecraftforge.registries.GameData/REGISTRIES]: Applying holder lookups: minecraft:recipe_serializer
[17Sep2025 21:15:58.014] [Render thread/DEBUG] [net.minecraftforge.registries.GameData/REGISTRIES]: Holder lookups applied: minecraft:recipe_serializer
[17Sep2025 21:15:58.015] [Render thread/DEBUG] [net.minecraftforge.registries.GameData/REGISTRIES]: Applying holder lookups: minecraft:position_source_type
[17Sep2025 21:15:58.015] [Render thread/DEBUG] [net.minecraftforge.registries.GameData/REGISTRIES]: Holder lookups applied: minecraft:position_source_type
[17Sep2025 21:15:58.018] [Render thread/DEBUG] [net.minecraftforge.registries.GameData/REGISTRIES]: Applying holder lookups: minecraft:command_argument_type
[17Sep2025 21:15:58.019] [Render thread/DEBUG] [net.minecraftforge.registries.GameData/REGISTRIES]: Holder lookups applied: minecraft:command_argument_type
[17Sep2025 21:15:58.019] [Render thread/DEBUG] [net.minecraftforge.registries.GameData/REGISTRIES]: Applying holder lookups: minecraft:villager_type
[17Sep2025 21:15:58.021] [Render thread/DEBUG] [net.minecraftforge.registries.GameData/REGISTRIES]: Holder lookups applied: minecraft:villager_type
[17Sep2025 21:15:58.021] [Render thread/DEBUG] [net.minecraftforge.registries.GameData/REGISTRIES]: Applying holder lookups: minecraft:villager_profession
[17Sep2025 21:15:58.022] [Render thread/DEBUG] [net.minecraftforge.registries.GameData/REGISTRIES]: Holder lookups applied: minecraft:villager_profession
[17Sep2025 21:15:58.022] [Render thread/DEBUG] [net.minecraftforge.registries.GameData/REGISTRIES]: Applying holder lookups: minecraft:point_of_interest_type
[17Sep2025 21:15:58.023] [Render thread/DEBUG] [net.minecraftforge.registries.GameData/REGISTRIES]: Holder lookups applied: minecraft:point_of_interest_type
[17Sep2025 21:15:58.023] [Render thread/DEBUG] [net.minecraftforge.registries.GameData/REGISTRIES]: Applying holder lookups: minecraft:schedule
[17Sep2025 21:15:58.023] [Render thread/DEBUG] [net.minecraftforge.registries.GameData/REGISTRIES]: Holder lookups applied: minecraft:schedule
[17Sep2025 21:15:58.023] [Render thread/DEBUG] [net.minecraftforge.registries.GameData/REGISTRIES]: Applying holder lookups: minecraft:activity
[17Sep2025 21:15:58.024] [Render thread/DEBUG] [net.minecraftforge.registries.GameData/REGISTRIES]: Holder lookups applied: minecraft:activity
[17Sep2025 21:15:58.024] [Render thread/DEBUG] [net.minecraftforge.registries.GameData/REGISTRIES]: Applying holder lookups: minecraft:loot_pool_entry_type
[17Sep2025 21:15:58.024] [Render thread/DEBUG] [net.minecraftforge.registries.GameData/REGISTRIES]: Holder lookups applied: minecraft:loot_pool_entry_type
[17Sep2025 21:15:58.024] [Render thread/DEBUG] [net.minecraftforge.registries.GameData/REGISTRIES]: Applying holder lookups: minecraft:loot_function_type
[17Sep2025 21:15:58.025] [Render thread/DEBUG] [net.minecraftforge.registries.GameData/REGISTRIES]: Holder lookups applied: minecraft:loot_function_type
[17Sep2025 21:15:58.029] [Render thread/DEBUG] [net.minecraftforge.registries.GameData/REGISTRIES]: Applying holder lookups: minecraft:loot_condition_type
[17Sep2025 21:15:58.030] [Render thread/DEBUG] [net.minecraftforge.registries.GameData/REGISTRIES]: Holder lookups applied: minecraft:loot_condition_type
[17Sep2025 21:15:58.031] [Render thread/DEBUG] [net.minecraftforge.registries.GameData/REGISTRIES]: Applying holder lookups: minecraft:loot_number_provider_type
[17Sep2025 21:15:58.031] [Render thread/DEBUG] [net.minecraftforge.registries.GameData/REGISTRIES]: Holder lookups applied: minecraft:loot_number_provider_type
[17Sep2025 21:15:58.032] [Render thread/DEBUG] [net.minecraftforge.registries.GameData/REGISTRIES]: Applying holder lookups: minecraft:loot_nbt_provider_type
[17Sep2025 21:15:58.032] [Render thread/DEBUG] [net.minecraftforge.registries.GameData/REGISTRIES]: Holder lookups applied: minecraft:loot_nbt_provider_type
[17Sep2025 21:15:58.033] [Render thread/DEBUG] [net.minecraftforge.registries.GameData/REGISTRIES]: Applying holder lookups: minecraft:loot_score_provider_type
[17Sep2025 21:15:58.033] [Render thread/DEBUG] [net.minecraftforge.registries.GameData/REGISTRIES]: Holder lookups applied: minecraft:loot_score_provider_type
[17Sep2025 21:15:58.034] [Render thread/DEBUG] [net.minecraftforge.registries.GameData/REGISTRIES]: Applying holder lookups: minecraft:float_provider_type
[17Sep2025 21:15:58.034] [Render thread/DEBUG] [net.minecraftforge.registries.GameData/REGISTRIES]: Holder lookups applied: minecraft:float_provider_type
[17Sep2025 21:15:58.034] [Render thread/DEBUG] [net.minecraftforge.registries.GameData/REGISTRIES]: Applying holder lookups: minecraft:int_provider_type
[17Sep2025 21:15:58.035] [Render thread/DEBUG] [net.minecraftforge.registries.GameData/REGISTRIES]: Holder lookups applied: minecraft:int_provider_type
[17Sep2025 21:15:58.035] [Render thread/DEBUG] [net.minecraftforge.registries.GameData/REGISTRIES]: Applying holder lookups: minecraft:height_provider_type
[17Sep2025 21:15:58.035] [Render thread/DEBUG] [net.minecraftforge.registries.GameData/REGISTRIES]: Holder lookups applied: minecraft:height_provider_type
[17Sep2025 21:15:58.036] [Render thread/DEBUG] [net.minecraftforge.registries.GameData/REGISTRIES]: Applying holder lookups: minecraft:block_predicate_type
[17Sep2025 21:15:58.036] [Render thread/DEBUG] [net.minecraftforge.registries.GameData/REGISTRIES]: Holder lookups applied: minecraft:block_predicate_type
[17Sep2025 21:15:58.036] [Render thread/DEBUG] [net.minecraftforge.registries.GameData/REGISTRIES]: Applying holder lookups: minecraft:worldgen/carver
[17Sep2025 21:15:58.037] [Render thread/DEBUG] [net.minecraftforge.registries.GameData/REGISTRIES]: Holder lookups applied: minecraft:worldgen/carver
[17Sep2025 21:15:58.037] [Render thread/DEBUG] [net.minecraftforge.registries.GameData/REGISTRIES]: Applying holder lookups: minecraft:worldgen/feature
[17Sep2025 21:15:58.038] [Render thread/DEBUG] [net.minecraftforge.registries.GameData/REGISTRIES]: Holder lookups applied: minecraft:worldgen/feature
[17Sep2025 21:15:58.038] [Render thread/DEBUG] [net.minecraftforge.registries.GameData/REGISTRIES]: Applying holder lookups: minecraft:worldgen/structure_processor
[17Sep2025 21:15:58.038] [Render thread/DEBUG] [net.minecraftforge.registries.GameData/REGISTRIES]: Holder lookups applied: minecraft:worldgen/structure_processor
[17Sep2025 21:15:58.038] [Render thread/DEBUG] [net.minecraftforge.registries.GameData/REGISTRIES]: Applying holder lookups: minecraft:worldgen/structure_placement
[17Sep2025 21:15:58.039] [Render thread/DEBUG] [net.minecraftforge.registries.GameData/REGISTRIES]: Holder lookups applied: minecraft:worldgen/structure_placement
[17Sep2025 21:15:58.039] [Render thread/DEBUG] [net.minecraftforge.registries.GameData/REGISTRIES]: Applying holder lookups: minecraft:worldgen/structure_piece
[17Sep2025 21:15:58.040] [Render thread/DEBUG] [net.minecraftforge.registries.GameData/REGISTRIES]: Holder lookups applied: minecraft:worldgen/structure_piece
[17Sep2025 21:15:58.040] [Render thread/DEBUG] [net.minecraftforge.registries.GameData/REGISTRIES]: Applying holder lookups: minecraft:worldgen/structure_type
[17Sep2025 21:15:58.040] [Render thread/DEBUG] [net.minecraftforge.registries.GameData/REGISTRIES]: Holder lookups applied: minecraft:worldgen/structure_type
[17Sep2025 21:15:58.040] [Render thread/DEBUG] [net.minecraftforge.registries.GameData/REGISTRIES]: Applying holder lookups: minecraft:worldgen/placement_modifier_type
[17Sep2025 21:15:58.041] [Render thread/DEBUG] [net.minecraftforge.registries.GameData/REGISTRIES]: Holder lookups applied: minecraft:worldgen/placement_modifier_type
[17Sep2025 21:15:58.041] [Render thread/DEBUG] [net.minecraftforge.registries.GameData/REGISTRIES]: Applying holder lookups: minecraft:worldgen/block_state_provider_type
[17Sep2025 21:15:58.042] [Render thread/DEBUG] [net.minecraftforge.registries.GameData/REGISTRIES]: Holder lookups applied: minecraft:worldgen/block_state_provider_type
[17Sep2025 21:15:58.042] [Render thread/DEBUG] [net.minecraftforge.registries.GameData/REGISTRIES]: Applying holder lookups: minecraft:worldgen/foliage_placer_type
[17Sep2025 21:15:58.042] [Render thread/DEBUG] [net.minecraftforge.registries.GameData/REGISTRIES]: Holder lookups applied: minecraft:worldgen/foliage_placer_type
[17Sep2025 21:15:58.042] [Render thread/DEBUG] [net.minecraftforge.registries.GameData/REGISTRIES]: Applying holder lookups: minecraft:worldgen/trunk_placer_type
[17Sep2025 21:15:58.043] [Render thread/DEBUG] [net.minecraftforge.registries.GameData/REGISTRIES]: Holder lookups applied: minecraft:worldgen/trunk_placer_type
[17Sep2025 21:15:58.043] [Render thread/DEBUG] [net.minecraftforge.registries.GameData/REGISTRIES]: Applying holder lookups: minecraft:worldgen/root_placer_type
[17Sep2025 21:15:58.044] [Render thread/DEBUG] [net.minecraftforge.registries.GameData/REGISTRIES]: Holder lookups applied: minecraft:worldgen/root_placer_type
[17Sep2025 21:15:58.044] [Render thread/DEBUG] [net.minecraftforge.registries.GameData/REGISTRIES]: Applying holder lookups: minecraft:worldgen/tree_decorator_type
[17Sep2025 21:15:58.044] [Render thread/DEBUG] [net.minecraftforge.registries.GameData/REGISTRIES]: Holder lookups applied: minecraft:worldgen/tree_decorator_type
[17Sep2025 21:15:58.044] [Render thread/DEBUG] [net.minecraftforge.registries.GameData/REGISTRIES]: Applying holder lookups: minecraft:worldgen/feature_size_type
[17Sep2025 21:15:58.045] [Render thread/DEBUG] [net.minecraftforge.registries.GameData/REGISTRIES]: Holder lookups applied: minecraft:worldgen/feature_size_type
[17Sep2025 21:15:58.045] [Render thread/DEBUG] [net.minecraftforge.registries.GameData/REGISTRIES]: Applying holder lookups: minecraft:worldgen/biome_source
[17Sep2025 21:15:58.045] [Render thread/DEBUG] [net.minecraftforge.registries.GameData/REGISTRIES]: Holder lookups applied: minecraft:worldgen/biome_source
[17Sep2025 21:15:58.045] [Render thread/DEBUG] [net.minecraftforge.registries.GameData/REGISTRIES]: Applying holder lookups: minecraft:worldgen/chunk_generator
[17Sep2025 21:15:58.046] [Render thread/DEBUG] [net.minecraftforge.registries.GameData/REGISTRIES]: Holder lookups applied: minecraft:worldgen/chunk_generator
[17Sep2025 21:15:58.046] [Render thread/DEBUG] [net.minecraftforge.registries.GameData/REGISTRIES]: Applying holder lookups: minecraft:worldgen/material_condition
[17Sep2025 21:15:58.046] [Render thread/DEBUG] [net.minecraftforge.registries.GameData/REGISTRIES]: Holder lookups applied: minecraft:worldgen/material_condition
[17Sep2025 21:15:58.047] [Render thread/DEBUG] [net.minecraftforge.registries.GameData/REGISTRIES]: Applying holder lookups: minecraft:worldgen/material_rule
[17Sep2025 21:15:58.047] [Render thread/DEBUG] [net.minecraftforge.registries.GameData/REGISTRIES]: Holder lookups applied: minecraft:worldgen/material_rule
[17Sep2025 21:15:58.047] [Render thread/DEBUG] [net.minecraftforge.registries.GameData/REGISTRIES]: Applying holder lookups: minecraft:worldgen/density_function_type
[17Sep2025 21:15:58.048] [Render thread/DEBUG] [net.minecraftforge.registries.GameData/REGISTRIES]: Holder lookups applied: minecraft:worldgen/density_function_type
[17Sep2025 21:15:58.048] [Render thread/DEBUG] [net.minecraftforge.registries.GameData/REGISTRIES]: Applying holder lookups: minecraft:worldgen/structure_pool_element
[17Sep2025 21:15:58.048] [Render thread/DEBUG] [net.minecraftforge.registries.GameData/REGISTRIES]: Holder lookups applied: minecraft:worldgen/structure_pool_element
[17Sep2025 21:15:58.048] [Render thread/DEBUG] [net.minecraftforge.registries.GameData/REGISTRIES]: Applying holder lookups: minecraft:cat_variant
[17Sep2025 21:15:58.049] [Render thread/DEBUG] [net.minecraftforge.registries.GameData/REGISTRIES]: Holder lookups applied: minecraft:cat_variant
[17Sep2025 21:15:58.049] [Render thread/DEBUG] [net.minecraftforge.registries.GameData/REGISTRIES]: Applying holder lookups: minecraft:frog_variant
[17Sep2025 21:15:58.049] [Render thread/DEBUG] [net.minecraftforge.registries.GameData/REGISTRIES]: Holder lookups applied: minecraft:frog_variant
[17Sep2025 21:15:58.050] [Render thread/DEBUG] [net.minecraftforge.registries.GameData/REGISTRIES]: Applying holder lookups: minecraft:banner_pattern
[17Sep2025 21:15:58.050] [Render thread/DEBUG] [net.minecraftforge.registries.GameData/REGISTRIES]: Holder lookups applied: minecraft:banner_pattern
[17Sep2025 21:15:58.050] [Render thread/DEBUG] [net.minecraftforge.registries.GameData/REGISTRIES]: Applying holder lookups: minecraft:instrument
[17Sep2025 21:15:58.051] [Render thread/DEBUG] [net.minecraftforge.registries.GameData/REGISTRIES]: Holder lookups applied: minecraft:instrument
[17Sep2025 21:15:58.051] [Render thread/DEBUG] [net.minecraftforge.registries.GameData/REGISTRIES]: Applying holder lookups: minecraft:decorated_pot_patterns
[17Sep2025 21:15:58.052] [Render thread/DEBUG] [net.minecraftforge.registries.GameData/REGISTRIES]: Holder lookups applied: minecraft:decorated_pot_patterns
[17Sep2025 21:15:58.054] [Render thread/DEBUG] [net.minecraftforge.registries.GameData/REGISTRIES]: Applying holder lookups: minecraft:creative_mode_tab
[17Sep2025 21:15:58.054] [Render thread/DEBUG] [net.minecraftforge.registries.GameData/REGISTRIES]: Holder lookups applied: minecraft:creative_mode_tab
[17Sep2025 21:15:58.064] [Render thread/DEBUG] [net.minecraftforge.registries.GameData/REGISTRIES]: Applying holder lookups: forge:biome_modifier_serializers
[17Sep2025 21:15:58.066] [Render thread/DEBUG] [net.minecraftforge.registries.GameData/REGISTRIES]: Holder lookups applied: forge:biome_modifier_serializers
[17Sep2025 21:15:58.067] [Render thread/DEBUG] [net.minecraftforge.registries.GameData/REGISTRIES]: Applying holder lookups: forge:display_contexts
[17Sep2025 21:15:58.068] [Render thread/DEBUG] [net.minecraftforge.registries.GameData/REGISTRIES]: Holder lookups applied: forge:display_contexts
[17Sep2025 21:15:58.068] [Render thread/DEBUG] [net.minecraftforge.registries.GameData/REGISTRIES]: Applying holder lookups: forge:entity_data_serializers
[17Sep2025 21:15:58.069] [Render thread/DEBUG] [net.minecraftforge.registries.GameData/REGISTRIES]: Holder lookups applied: forge:entity_data_serializers
[17Sep2025 21:15:58.082] [Render thread/DEBUG] [net.minecraftforge.registries.GameData/REGISTRIES]: Applying holder lookups: forge:fluid_type
[17Sep2025 21:15:58.083] [Render thread/DEBUG] [net.minecraftforge.registries.GameData/REGISTRIES]: Holder lookups applied: forge:fluid_type
[17Sep2025 21:15:58.083] [Render thread/DEBUG] [net.minecraftforge.registries.GameData/REGISTRIES]: Applying holder lookups: forge:global_loot_modifier_serializers
[17Sep2025 21:15:58.084] [Render thread/DEBUG] [net.minecraftforge.registries.GameData/REGISTRIES]: Holder lookups applied: forge:global_loot_modifier_serializers
[17Sep2025 21:15:58.094] [Render thread/DEBUG] [net.minecraftforge.registries.GameData/REGISTRIES]: Applying holder lookups: forge:holder_set_type
[17Sep2025 21:15:58.094] [Render thread/DEBUG] [net.minecraftforge.registries.GameData/REGISTRIES]: Holder lookups applied: forge:holder_set_type
[17Sep2025 21:15:58.095] [Render thread/DEBUG] [net.minecraftforge.registries.GameData/REGISTRIES]: Applying holder lookups: forge:structure_modifier_serializers
[17Sep2025 21:15:58.096] [Render thread/DEBUG] [net.minecraftforge.registries.GameData/REGISTRIES]: Holder lookups applied: forge:structure_modifier_serializers
[17Sep2025 21:15:58.096] [Render thread/DEBUG] [net.minecraftforge.registries.GameData/REGISTRIES]: Applying holder lookups: minecraft:worldgen/biome
[17Sep2025 21:15:58.097] [Render thread/DEBUG] [net.minecraftforge.registries.GameData/REGISTRIES]: Holder lookups applied: minecraft:worldgen/biome
[17Sep2025 21:15:58.264] [Render thread/DEBUG] [net.minecraftforge.client.loading.ClientModLoader/CORE]: Generating PackInfo named mod:forge for mod file /
[17Sep2025 21:15:58.266] [Render thread/DEBUG] [net.minecraftforge.client.loading.ClientModLoader/CORE]: Generating PackInfo named mod:tycoonlib for mod file D:\GitHub\TycoonLib\build\resources\main
[17Sep2025 21:15:58.266] [Render thread/DEBUG] [net.minecraftforge.client.loading.ClientModLoader/CORE]: Generating PackInfo named mod:geckolib for mod file C:\Users\brian\.mcreator\gradle\caches\forge_gradle\deobf_dependencies\software\bernie\geckolib\geckolib-forge-1.20.1\4.4.9_mapped_official_1.20.1\geckolib-forge-1.20.1-4.4.9_mapped_official_1.20.1.jar
[17Sep2025 21:15:58.287] [Render thread/DEBUG] [mixin/]: Mixing client.TextureManagerMixin from geckolib.mixins.json into net.minecraft.client.renderer.texture.TextureManager
[17Sep2025 21:15:58.979] [Render thread/INFO] [net.minecraftforge.gametest.ForgeGameTestHooks/]: Enabled Gametest Namespaces: []
[17Sep2025 21:15:59.261] [Render thread/INFO] [net.minecraft.server.packs.resources.ReloadableResourceManager/]: Reloading ResourceManager: vanilla, mod_resources
[17Sep2025 21:15:59.278] [modloading-worker-0/DEBUG] [net.minecraftforge.fml.config.ConfigTracker/CONFIG]: Loading configs type CLIENT
[17Sep2025 21:15:59.280] [modloading-worker-0/DEBUG] [net.minecraftforge.fml.config.ConfigFileTypeHandler/CONFIG]: Built TOML config for D:\GitHub\TycoonLib\run\config\forge-client.toml
[17Sep2025 21:15:59.281] [modloading-worker-0/DEBUG] [net.minecraftforge.fml.config.ConfigFileTypeHandler/CONFIG]: Loaded TOML config file D:\GitHub\TycoonLib\run\config\forge-client.toml
[17Sep2025 21:15:59.288] [modloading-worker-0/DEBUG] [net.minecraftforge.fml.config.ConfigFileTypeHandler/CONFIG]: Watching TOML config file D:\GitHub\TycoonLib\run\config\forge-client.toml for changes
[17Sep2025 21:15:59.293] [modloading-worker-0/DEBUG] [net.minecraftforge.common.ForgeConfig/FORGEMOD]: Loaded forge config file forge-client.toml
[17Sep2025 21:15:59.294] [modloading-worker-0/DEBUG] [net.minecraftforge.fml.config.ConfigTracker/CONFIG]: Loading configs type COMMON
[17Sep2025 21:15:59.420] [Worker-Main-9/INFO] [net.minecraft.client.gui.font.providers.UnihexProvider/]: Found unifont_all_no_pua-15.0.06.hex, loading
[17Sep2025 21:15:59.422] [Forge Version Check/INFO] [net.minecraftforge.fml.VersionChecker/]: [forge] Starting version check at https://files.minecraftforge.net/net/minecraftforge/forge/promotions_slim.json
[17Sep2025 21:15:59.597] [Render thread/DEBUG] [net.minecraftforge.fml.DeferredWorkQueue/LOADING]: Dispatching synchronous work for work queue SIDED_SETUP: 1 jobs
[17Sep2025 21:15:59.647] [Render thread/DEBUG] [net.minecraftforge.fml.DeferredWorkQueue/LOADING]: Synchronous work queue completed in 49.00 ms
[17Sep2025 21:15:59.917] [Forge Version Check/DEBUG] [net.minecraftforge.fml.VersionChecker/]: [forge] Received version check data:
{
  "homepage": "https://files.minecraftforge.net/net/minecraftforge/forge/",
  "promos": {
    "1.1-latest": "1.3.4.29",
    "1.2.3-latest": "1.4.1.64",
    "1.2.4-latest": "2.0.0.68",
    "1.2.5-latest": "3.4.9.171",
    "1.3.2-latest": "4.3.5.318",
    "1.4.0-latest": "5.0.0.326",
    "1.4.1-latest": "6.0.0.329",
    "1.4.2-latest": "6.0.1.355",
    "1.4.3-latest": "6.2.1.358",
    "1.4.4-latest": "6.3.0.378",
    "1.4.5-latest": "6.4.2.448",
    "1.4.6-latest": "6.5.0.489",
    "1.4.7-latest": "6.6.2.534",
    "1.5-latest": "7.7.0.598",
    "1.5.1-latest": "7.7.2.682",
    "1.5.2-latest": "7.8.1.738",
    "1.5.2-recommended": "7.8.1.738",
    "1.6.1-latest": "8.9.0.775",
    "1.6.2-latest": "9.10.1.871",
    "1.6.2-recommended": "9.10.1.871",
    "1.6.3-latest": "9.11.0.878",
    "1.6.4-latest": "9.11.1.1345",
    "1.6.4-recommended": "9.11.1.1345",
    "1.7.2-latest": "10.12.2.1161",
    "1.7.2-recommended": "10.12.2.1161",
    "1.7.10_pre4-latest": "10.12.2.1149",
    "1.7.10-latest": "10.13.4.1614",
    "1.7.10-recommended": "10.13.4.1614",
    "1.8-latest": "11.14.4.1577",
    "1.8-recommended": "11.14.4.1563",
    "1.8.8-latest": "11.15.0.1655",
    "1.8.9-latest": "11.15.1.2318",
    "1.8.9-recommended": "11.15.1.2318",
    "1.9-latest": "12.16.1.1938",
    "1.9-recommended": "12.16.1.1887",
    "1.9.4-latest": "12.17.0.2317",
    "1.9.4-recommended": "12.17.0.2317",
    "1.10-latest": "12.18.0.2000",
    "1.10.2-latest": "12.18.3.2511",
    "1.10.2-recommended": "12.18.3.2511",
    "1.11-latest": "13.19.1.2199",
    "1.11-recommended": "13.19.1.2189",
    "1.11.2-latest": "13.20.1.2588",
    "1.11.2-recommended": "13.20.1.2588",
    "1.12-latest": "14.21.1.2443",
    "1.12-recommended": "14.21.1.2387",
    "1.12.1-latest": "14.22.1.2485",
    "1.12.1-recommended": "14.22.1.2478",
    "1.12.2-latest": "14.23.5.2860",
    "1.12.2-recommended": "14.23.5.2859",
    "1.13.2-latest": "25.0.223",
    "1.14.2-latest": "26.0.63",
    "1.14.3-latest": "27.0.60",
    "1.14.4-latest": "28.2.26",
    "1.14.4-recommended": "28.2.26",
    "1.15-latest": "29.0.4",
    "1.15.1-latest": "30.0.51",
    "1.15.2-latest": "31.2.60",
    "1.15.2-recommended": "31.2.57",
    "1.16.1-latest": "32.0.108",
    "1.16.2-latest": "33.0.61",
    "1.16.3-latest": "34.1.42",
    "1.16.3-recommended": "34.1.0",
    "1.16.4-latest": "35.1.37",
    "1.16.4-recommended": "35.1.4",
    "1.16.5-latest": "36.2.42",
    "1.16.5-recommended": "36.2.34",
    "1.17.1-latest": "37.1.1",
    "1.17.1-recommended": "37.1.1",
    "1.18-latest": "38.0.17",
    "1.18.1-latest": "39.1.2",
    "1.18.1-recommended": "39.1.0",
    "1.18.2-recommended": "40.3.0",
    "1.18.2-latest": "40.3.11",
    "1.19-latest": "41.1.0",
    "1.19-recommended": "41.1.0",
    "1.19.1-latest": "42.0.9",
    "1.19.2-recommended": "43.5.0",
    "1.19.2-latest": "43.5.1",
    "1.19.3-latest": "44.1.23",
    "1.19.3-recommended": "44.1.0",
    "1.19.4-recommended": "45.4.0",
    "1.19.4-latest": "45.4.2",
    "1.20-latest": "46.0.14",
    "1.20.1-recommended": "47.4.0",
    "1.20.1-latest": "47.4.8",
    "1.20.2-latest": "48.1.0",
    "1.20.2-recommended": "48.1.0",
    "1.20.3-latest": "49.0.2",
    "1.20.4-latest": "49.2.1",
    "1.20.4-recommended": "49.2.0",
    "1.20.6-latest": "50.2.1",
    "1.20.6-recommended": "50.2.0",
    "1.21-latest": "51.0.33",
    "1.21.1-latest": "52.1.3",
    "1.21.1-recommended": "52.1.0",
    "1.21.3-latest": "53.1.2",
    "1.21.3-recommended": "53.1.0",
    "1.21.4-latest": "54.1.6",
    "1.21.4-recommended": "54.1.0",
    "1.21.5-latest": "55.1.0",
    "1.21.5-recommended": "55.1.0",
    "1.21.6-latest": "56.0.9",
    "1.21.7-latest": "57.0.3",
    "1.21.8-latest": "58.1.2",
    "1.21.8-recommended": "58.1.0"
  }
}
[17Sep2025 21:15:59.920] [Forge Version Check/INFO] [net.minecraftforge.fml.VersionChecker/]: [forge] Found status: OUTDATED Current: 47.3.0 Target: 47.4.0
[17Sep2025 21:16:00.794] [Worker-Main-5/WARN] [net.minecraft.client.resources.model.ModelManager/]: Missing textures in model tycoonlib:crappy_carousel#inventory:
    minecraft:textures/atlas/blocks.png:minecraft:item/retro-carousel
[17Sep2025 21:16:00.940] [modloading-worker-0/DEBUG] [net.minecraftforge.registries.GameData/REGISTRIES]: Freezing registries
[17Sep2025 21:16:00.941] [modloading-worker-0/DEBUG] [net.minecraftforge.registries.ForgeRegistry/REGISTRIES]: Registry minecraft:block Sync: FROZEN -> ACTIVE
[17Sep2025 21:16:00.970] [modloading-worker-0/DEBUG] [net.minecraftforge.registries.ForgeRegistry/REGISTRIES]: Registry minecraft:fluid Sync: FROZEN -> ACTIVE
[17Sep2025 21:16:00.971] [modloading-worker-0/DEBUG] [net.minecraftforge.registries.ForgeRegistry/REGISTRIES]: Registry minecraft:item Sync: FROZEN -> ACTIVE
[17Sep2025 21:16:00.979] [modloading-worker-0/DEBUG] [net.minecraftforge.registries.ForgeRegistry/REGISTRIES]: Registry minecraft:mob_effect Sync: FROZEN -> ACTIVE
[17Sep2025 21:16:00.979] [modloading-worker-0/DEBUG] [net.minecraftforge.registries.ForgeRegistry/REGISTRIES]: Registry minecraft:sound_event Sync: FROZEN -> ACTIVE
[17Sep2025 21:16:00.986] [modloading-worker-0/DEBUG] [net.minecraftforge.registries.ForgeRegistry/REGISTRIES]: Registry minecraft:potion Sync: FROZEN -> ACTIVE
[17Sep2025 21:16:00.987] [modloading-worker-0/DEBUG] [net.minecraftforge.registries.ForgeRegistry/REGISTRIES]: Registry minecraft:enchantment Sync: FROZEN -> ACTIVE
[17Sep2025 21:16:00.987] [modloading-worker-0/DEBUG] [net.minecraftforge.registries.ForgeRegistry/REGISTRIES]: Registry minecraft:entity_type Sync: FROZEN -> ACTIVE
[17Sep2025 21:16:00.988] [modloading-worker-0/DEBUG] [net.minecraftforge.registries.ForgeRegistry/REGISTRIES]: Registry minecraft:block_entity_type Sync: FROZEN -> ACTIVE
[17Sep2025 21:16:00.988] [modloading-worker-0/DEBUG] [net.minecraftforge.registries.ForgeRegistry/REGISTRIES]: Registry minecraft:particle_type Sync: FROZEN -> ACTIVE
[17Sep2025 21:16:00.989] [modloading-worker-0/DEBUG] [net.minecraftforge.registries.ForgeRegistry/REGISTRIES]: Registry minecraft:menu Sync: FROZEN -> ACTIVE
[17Sep2025 21:16:00.989] [modloading-worker-0/DEBUG] [net.minecraftforge.registries.ForgeRegistry/REGISTRIES]: Registry minecraft:painting_variant Sync: FROZEN -> ACTIVE
[17Sep2025 21:16:00.989] [modloading-worker-0/DEBUG] [net.minecraftforge.registries.ForgeRegistry/REGISTRIES]: Registry minecraft:recipe_type Sync: FROZEN -> ACTIVE
[17Sep2025 21:16:00.989] [modloading-worker-0/DEBUG] [net.minecraftforge.registries.ForgeRegistry/REGISTRIES]: Registry minecraft:recipe_serializer Sync: FROZEN -> ACTIVE
[17Sep2025 21:16:00.990] [modloading-worker-0/DEBUG] [net.minecraftforge.registries.ForgeRegistry/REGISTRIES]: Registry minecraft:attribute Sync: FROZEN -> ACTIVE
[17Sep2025 21:16:00.990] [modloading-worker-0/DEBUG] [net.minecraftforge.registries.ForgeRegistry/REGISTRIES]: Registry minecraft:stat_type Sync: FROZEN -> ACTIVE
[17Sep2025 21:16:00.990] [modloading-worker-0/DEBUG] [net.minecraftforge.registries.ForgeRegistry/REGISTRIES]: Registry minecraft:command_argument_type Sync: FROZEN -> ACTIVE
[17Sep2025 21:16:00.990] [modloading-worker-0/DEBUG] [net.minecraftforge.registries.ForgeRegistry/REGISTRIES]: Registry minecraft:villager_profession Sync: FROZEN -> ACTIVE
[17Sep2025 21:16:00.991] [modloading-worker-0/DEBUG] [net.minecraftforge.registries.ForgeRegistry/REGISTRIES]: Registry minecraft:point_of_interest_type Sync: FROZEN -> ACTIVE
[17Sep2025 21:16:00.992] [modloading-worker-0/DEBUG] [net.minecraftforge.registries.ForgeRegistry/REGISTRIES]: Registry minecraft:memory_module_type Sync: FROZEN -> ACTIVE
[17Sep2025 21:16:00.993] [modloading-worker-0/DEBUG] [net.minecraftforge.registries.ForgeRegistry/REGISTRIES]: Registry minecraft:sensor_type Sync: FROZEN -> ACTIVE
[17Sep2025 21:16:00.993] [modloading-worker-0/DEBUG] [net.minecraftforge.registries.ForgeRegistry/REGISTRIES]: Registry minecraft:schedule Sync: FROZEN -> ACTIVE
[17Sep2025 21:16:00.993] [modloading-worker-0/DEBUG] [net.minecraftforge.registries.ForgeRegistry/REGISTRIES]: Registry minecraft:activity Sync: FROZEN -> ACTIVE
[17Sep2025 21:16:00.993] [modloading-worker-0/DEBUG] [net.minecraftforge.registries.ForgeRegistry/REGISTRIES]: Registry minecraft:worldgen/carver Sync: FROZEN -> ACTIVE
[17Sep2025 21:16:00.993] [modloading-worker-0/DEBUG] [net.minecraftforge.registries.ForgeRegistry/REGISTRIES]: Registry minecraft:worldgen/feature Sync: FROZEN -> ACTIVE
[17Sep2025 21:16:00.993] [modloading-worker-0/DEBUG] [net.minecraftforge.registries.ForgeRegistry/REGISTRIES]: Registry minecraft:chunk_status Sync: FROZEN -> ACTIVE
[17Sep2025 21:16:00.994] [modloading-worker-0/DEBUG] [net.minecraftforge.registries.ForgeRegistry/REGISTRIES]: Registry minecraft:worldgen/block_state_provider_type Sync: FROZEN -> ACTIVE
[17Sep2025 21:16:00.994] [modloading-worker-0/DEBUG] [net.minecraftforge.registries.ForgeRegistry/REGISTRIES]: Registry minecraft:worldgen/foliage_placer_type Sync: FROZEN -> ACTIVE
[17Sep2025 21:16:00.994] [modloading-worker-0/DEBUG] [net.minecraftforge.registries.ForgeRegistry/REGISTRIES]: Registry minecraft:worldgen/tree_decorator_type Sync: FROZEN -> ACTIVE
[17Sep2025 21:16:00.994] [modloading-worker-0/DEBUG] [net.minecraftforge.registries.ForgeRegistry/REGISTRIES]: Registry minecraft:worldgen/biome Sync: FROZEN -> ACTIVE
[17Sep2025 21:16:00.994] [modloading-worker-0/DEBUG] [net.minecraftforge.registries.ForgeRegistry/REGISTRIES]: Registry forge:entity_data_serializers Sync: FROZEN -> ACTIVE
[17Sep2025 21:16:00.994] [modloading-worker-0/DEBUG] [net.minecraftforge.registries.ForgeRegistry/REGISTRIES]: Registry forge:global_loot_modifier_serializers Sync: FROZEN -> ACTIVE
[17Sep2025 21:16:00.994] [modloading-worker-0/DEBUG] [net.minecraftforge.registries.ForgeRegistry/REGISTRIES]: Registry forge:biome_modifier_serializers Sync: FROZEN -> ACTIVE
[17Sep2025 21:16:00.994] [modloading-worker-0/DEBUG] [net.minecraftforge.registries.ForgeRegistry/REGISTRIES]: Registry forge:fluid_type Sync: FROZEN -> ACTIVE
[17Sep2025 21:16:00.994] [modloading-worker-0/DEBUG] [net.minecraftforge.registries.ForgeRegistry/REGISTRIES]: Registry forge:structure_modifier_serializers Sync: FROZEN -> ACTIVE
[17Sep2025 21:16:00.994] [modloading-worker-0/DEBUG] [net.minecraftforge.registries.ForgeRegistry/REGISTRIES]: Registry forge:holder_set_type Sync: FROZEN -> ACTIVE
[17Sep2025 21:16:00.994] [modloading-worker-0/DEBUG] [net.minecraftforge.registries.ForgeRegistry/REGISTRIES]: Registry forge:display_contexts Sync: FROZEN -> ACTIVE
[17Sep2025 21:16:01.668] [modloading-worker-0/DEBUG] [net.minecraftforge.registries.GameData/REGISTRIES]: All registries frozen
[17Sep2025 21:16:01.709] [Render thread/DEBUG] [net.minecraftforge.common.ForgeI18n/CORE]: Loading I18N data entries: 6480
[17Sep2025 21:16:01.735] [Render thread/WARN] [net.minecraft.client.sounds.SoundEngine/]: Missing sound for event: minecraft:item.goat_horn.play
[17Sep2025 21:16:01.735] [Render thread/WARN] [net.minecraft.client.sounds.SoundEngine/]: Missing sound for event: minecraft:entity.goat.screaming.horn_break
[17Sep2025 21:16:01.787] [Render thread/INFO] [com.mojang.blaze3d.audio.Library/]: OpenAL initialized on device OpenAL Soft on Realtek HD Audio 2nd output (Realtek(R) Audio)
[17Sep2025 21:16:01.790] [Render thread/INFO] [net.minecraft.client.sounds.SoundEngine/SOUNDS]: Sound engine started
[17Sep2025 21:16:01.905] [Render thread/INFO] [net.minecraft.client.renderer.texture.TextureAtlas/]: Created: 1024x1024x2 minecraft:textures/atlas/blocks.png-atlas
[17Sep2025 21:16:01.914] [Render thread/INFO] [net.minecraft.client.renderer.texture.TextureAtlas/]: Created: 256x256x2 minecraft:textures/atlas/signs.png-atlas
[17Sep2025 21:16:01.915] [Render thread/INFO] [net.minecraft.client.renderer.texture.TextureAtlas/]: Created: 512x512x2 minecraft:textures/atlas/shield_patterns.png-atlas
[17Sep2025 21:16:01.915] [Render thread/INFO] [net.minecraft.client.renderer.texture.TextureAtlas/]: Created: 512x512x2 minecraft:textures/atlas/banner_patterns.png-atlas
[17Sep2025 21:16:01.915] [Render thread/INFO] [net.minecraft.client.renderer.texture.TextureAtlas/]: Created: 1024x1024x2 minecraft:textures/atlas/armor_trims.png-atlas
[17Sep2025 21:16:01.923] [Render thread/INFO] [net.minecraft.client.renderer.texture.TextureAtlas/]: Created: 256x256x2 minecraft:textures/atlas/chest.png-atlas
[17Sep2025 21:16:01.924] [Render thread/INFO] [net.minecraft.client.renderer.texture.TextureAtlas/]: Created: 128x64x2 minecraft:textures/atlas/decorated_pot.png-atlas
[17Sep2025 21:16:01.924] [Render thread/INFO] [net.minecraft.client.renderer.texture.TextureAtlas/]: Created: 512x256x2 minecraft:textures/atlas/shulker_boxes.png-atlas
[17Sep2025 21:16:01.924] [Render thread/INFO] [net.minecraft.client.renderer.texture.TextureAtlas/]: Created: 512x256x2 minecraft:textures/atlas/beds.png-atlas
[17Sep2025 21:16:02.071] [Render thread/WARN] [net.minecraft.client.renderer.ShaderInstance/]: Shader rendertype_entity_translucent_emissive could not find sampler named Sampler2 in the specified shader program.
[17Sep2025 21:16:02.139] [Render thread/INFO] [net.minecraft.client.renderer.texture.TextureAtlas/]: Created: 256x256x0 minecraft:textures/atlas/particles.png-atlas
[17Sep2025 21:16:02.140] [Render thread/INFO] [net.minecraft.client.renderer.texture.TextureAtlas/]: Created: 256x256x0 minecraft:textures/atlas/paintings.png-atlas
[17Sep2025 21:16:02.141] [Render thread/INFO] [net.minecraft.client.renderer.texture.TextureAtlas/]: Created: 128x128x0 minecraft:textures/atlas/mob_effects.png-atlas
[17Sep2025 21:16:02.491] [Realms Notification Availability checker #1/INFO] [com.mojang.realmsclient.client.RealmsClient/]: Could not authorize you against Realms server: java.lang.RuntimeException: Failed to parse into SignedJWT: 0
[17Sep2025 21:16:05.198] [Render thread/INFO] [net.minecraftforge.registries.GameData/REGISTRIES]: Injecting existing registry data into this CLIENT instance
[17Sep2025 21:16:05.218] [Render thread/DEBUG] [net.minecraftforge.registries.ForgeRegistry/REGISTRIES]: Registry minecraft:item: Fixed minecraft:item id mismatch geckolib:bat_spawn_egg: 1279 (init) -> 1278 (map).
[17Sep2025 21:16:05.219] [Render thread/DEBUG] [net.minecraftforge.registries.ForgeRegistry/REGISTRIES]: Registry minecraft:item: Fixed minecraft:item id mismatch geckolib:bike_spawn_egg: 1280 (init) -> 1279 (map).
[17Sep2025 21:16:05.219] [Render thread/DEBUG] [net.minecraftforge.registries.ForgeRegistry/REGISTRIES]: Registry minecraft:item: Fixed minecraft:item id mismatch geckolib:cool_kid_spawn_egg: 1285 (init) -> 1284 (map).
[17Sep2025 21:16:05.219] [Render thread/DEBUG] [net.minecraftforge.registries.ForgeRegistry/REGISTRIES]: Registry minecraft:item: Fixed minecraft:item id mismatch geckolib:fake_glass_spawn_egg: 1284 (init) -> 1283 (map).
[17Sep2025 21:16:05.219] [Render thread/DEBUG] [net.minecraftforge.registries.ForgeRegistry/REGISTRIES]: Registry minecraft:item: Fixed minecraft:item id mismatch geckolib:fertilizer: 1269 (init) -> 1268 (map).
[17Sep2025 21:16:05.219] [Render thread/DEBUG] [net.minecraftforge.registries.ForgeRegistry/REGISTRIES]: Registry minecraft:item: Fixed minecraft:item id mismatch geckolib:gecko_armor_boots: 1278 (init) -> 1277 (map).
[17Sep2025 21:16:05.219] [Render thread/DEBUG] [net.minecraftforge.registries.ForgeRegistry/REGISTRIES]: Registry minecraft:item: Fixed minecraft:item id mismatch geckolib:gecko_armor_chestplate: 1276 (init) -> 1275 (map).
[17Sep2025 21:16:05.219] [Render thread/DEBUG] [net.minecraftforge.registries.ForgeRegistry/REGISTRIES]: Registry minecraft:item: Fixed minecraft:item id mismatch geckolib:gecko_armor_helmet: 1275 (init) -> 1274 (map).
[17Sep2025 21:16:05.219] [Render thread/DEBUG] [net.minecraftforge.registries.ForgeRegistry/REGISTRIES]: Registry minecraft:item: Fixed minecraft:item id mismatch geckolib:gecko_armor_leggings: 1277 (init) -> 1276 (map).
[17Sep2025 21:16:05.219] [Render thread/DEBUG] [net.minecraftforge.registries.ForgeRegistry/REGISTRIES]: Registry minecraft:item: Fixed minecraft:item id mismatch geckolib:gecko_habitat: 1268 (init) -> 1267 (map).
[17Sep2025 21:16:05.219] [Render thread/DEBUG] [net.minecraftforge.registries.ForgeRegistry/REGISTRIES]: Registry minecraft:item: Fixed minecraft:item id mismatch geckolib:gremlin_spawn_egg: 1286 (init) -> 1285 (map).
[17Sep2025 21:16:05.219] [Render thread/DEBUG] [net.minecraftforge.registries.ForgeRegistry/REGISTRIES]: Registry minecraft:item: Fixed minecraft:item id mismatch geckolib:jack_in_the_box: 1270 (init) -> 1269 (map).
[17Sep2025 21:16:05.219] [Render thread/DEBUG] [net.minecraftforge.registries.ForgeRegistry/REGISTRIES]: Registry minecraft:item: Fixed minecraft:item id mismatch geckolib:mutant_zombie_spawn_egg: 1283 (init) -> 1282 (map).
[17Sep2025 21:16:05.219] [Render thread/DEBUG] [net.minecraftforge.registries.ForgeRegistry/REGISTRIES]: Registry minecraft:item: Fixed minecraft:item id mismatch geckolib:parasite_spawn_egg: 1282 (init) -> 1281 (map).
[17Sep2025 21:16:05.219] [Render thread/DEBUG] [net.minecraftforge.registries.ForgeRegistry/REGISTRIES]: Registry minecraft:item: Fixed minecraft:item id mismatch geckolib:race_car_spawn_egg: 1281 (init) -> 1280 (map).
[17Sep2025 21:16:05.219] [Render thread/DEBUG] [net.minecraftforge.registries.ForgeRegistry/REGISTRIES]: Registry minecraft:item: Fixed minecraft:item id mismatch geckolib:wolf_armor_boots: 1274 (init) -> 1273 (map).
[17Sep2025 21:16:05.219] [Render thread/DEBUG] [net.minecraftforge.registries.ForgeRegistry/REGISTRIES]: Registry minecraft:item: Fixed minecraft:item id mismatch geckolib:wolf_armor_chestplate: 1272 (init) -> 1271 (map).
[17Sep2025 21:16:05.219] [Render thread/DEBUG] [net.minecraftforge.registries.ForgeRegistry/REGISTRIES]: Registry minecraft:item: Fixed minecraft:item id mismatch geckolib:wolf_armor_helmet: 1271 (init) -> 1270 (map).
[17Sep2025 21:16:05.219] [Render thread/DEBUG] [net.minecraftforge.registries.ForgeRegistry/REGISTRIES]: Registry minecraft:item: Fixed minecraft:item id mismatch geckolib:wolf_armor_leggings: 1273 (init) -> 1272 (map).
[17Sep2025 21:16:05.226] [Render thread/DEBUG] [net.minecraftforge.registries.ForgeRegistry/REGISTRIES]: Registry minecraft:item: Fixed minecraft:item id mismatch tycoonlib:room_blueprint: 1267 (init) -> 1286 (map).
[17Sep2025 21:16:05.243] [Render thread/DEBUG] [net.minecraftforge.registries.ForgeRegistry/REGISTRIES]: Registry minecraft:block Sync: ACTIVE -> STAGING
[17Sep2025 21:16:05.247] [Render thread/DEBUG] [net.minecraftforge.registries.ForgeRegistry/REGISTRIES]: Registry minecraft:fluid Sync: ACTIVE -> STAGING
[17Sep2025 21:16:05.247] [Render thread/DEBUG] [net.minecraftforge.registries.ForgeRegistry/REGISTRIES]: Registry minecraft:item Sync: ACTIVE -> STAGING
[17Sep2025 21:16:05.251] [Render thread/DEBUG] [net.minecraftforge.registries.ForgeRegistry/REGISTRIES]: Registry minecraft:mob_effect Sync: ACTIVE -> STAGING
[17Sep2025 21:16:05.251] [Render thread/DEBUG] [net.minecraftforge.registries.ForgeRegistry/REGISTRIES]: Registry minecraft:sound_event Sync: ACTIVE -> STAGING
[17Sep2025 21:16:05.256] [Render thread/DEBUG] [net.minecraftforge.registries.ForgeRegistry/REGISTRIES]: Registry minecraft:potion Sync: ACTIVE -> STAGING
[17Sep2025 21:16:05.256] [Render thread/DEBUG] [net.minecraftforge.registries.ForgeRegistry/REGISTRIES]: Registry minecraft:enchantment Sync: ACTIVE -> STAGING
[17Sep2025 21:16:05.256] [Render thread/DEBUG] [net.minecraftforge.registries.ForgeRegistry/REGISTRIES]: Registry minecraft:entity_type Sync: ACTIVE -> STAGING
[17Sep2025 21:16:05.257] [Render thread/DEBUG] [net.minecraftforge.registries.ForgeRegistry/REGISTRIES]: Registry minecraft:block_entity_type Sync: ACTIVE -> STAGING
[17Sep2025 21:16:05.257] [Render thread/DEBUG] [net.minecraftforge.registries.ForgeRegistry/REGISTRIES]: Registry minecraft:particle_type Sync: ACTIVE -> STAGING
[17Sep2025 21:16:05.257] [Render thread/DEBUG] [net.minecraftforge.registries.ForgeRegistry/REGISTRIES]: Registry minecraft:menu Sync: ACTIVE -> STAGING
[17Sep2025 21:16:05.257] [Render thread/DEBUG] [net.minecraftforge.registries.ForgeRegistry/REGISTRIES]: Registry minecraft:painting_variant Sync: ACTIVE -> STAGING
[17Sep2025 21:16:05.257] [Render thread/DEBUG] [net.minecraftforge.registries.ForgeRegistry/REGISTRIES]: Registry minecraft:recipe_type Sync: ACTIVE -> STAGING
[17Sep2025 21:16:05.257] [Render thread/DEBUG] [net.minecraftforge.registries.ForgeRegistry/REGISTRIES]: Registry minecraft:recipe_serializer Sync: ACTIVE -> STAGING
[17Sep2025 21:16:05.258] [Render thread/DEBUG] [net.minecraftforge.registries.ForgeRegistry/REGISTRIES]: Registry minecraft:attribute Sync: ACTIVE -> STAGING
[17Sep2025 21:16:05.258] [Render thread/DEBUG] [net.minecraftforge.registries.ForgeRegistry/REGISTRIES]: Registry minecraft:stat_type Sync: ACTIVE -> STAGING
[17Sep2025 21:16:05.258] [Render thread/DEBUG] [net.minecraftforge.registries.ForgeRegistry/REGISTRIES]: Registry minecraft:command_argument_type Sync: ACTIVE -> STAGING
[17Sep2025 21:16:05.258] [Render thread/DEBUG] [net.minecraftforge.registries.ForgeRegistry/REGISTRIES]: Registry minecraft:villager_profession Sync: ACTIVE -> STAGING
[17Sep2025 21:16:05.258] [Render thread/DEBUG] [net.minecraftforge.registries.ForgeRegistry/REGISTRIES]: Registry minecraft:point_of_interest_type Sync: ACTIVE -> STAGING
[17Sep2025 21:16:05.259] [Render thread/DEBUG] [net.minecraftforge.registries.ForgeRegistry/REGISTRIES]: Registry minecraft:memory_module_type Sync: ACTIVE -> STAGING
[17Sep2025 21:16:05.259] [Render thread/DEBUG] [net.minecraftforge.registries.ForgeRegistry/REGISTRIES]: Registry minecraft:sensor_type Sync: ACTIVE -> STAGING
[17Sep2025 21:16:05.259] [Render thread/DEBUG] [net.minecraftforge.registries.ForgeRegistry/REGISTRIES]: Registry minecraft:schedule Sync: ACTIVE -> STAGING
[17Sep2025 21:16:05.259] [Render thread/DEBUG] [net.minecraftforge.registries.ForgeRegistry/REGISTRIES]: Registry minecraft:activity Sync: ACTIVE -> STAGING
[17Sep2025 21:16:05.260] [Render thread/DEBUG] [net.minecraftforge.registries.ForgeRegistry/REGISTRIES]: Registry minecraft:worldgen/carver Sync: ACTIVE -> STAGING
[17Sep2025 21:16:05.260] [Render thread/DEBUG] [net.minecraftforge.registries.ForgeRegistry/REGISTRIES]: Registry minecraft:worldgen/feature Sync: ACTIVE -> STAGING
[17Sep2025 21:16:05.260] [Render thread/DEBUG] [net.minecraftforge.registries.ForgeRegistry/REGISTRIES]: Registry minecraft:chunk_status Sync: ACTIVE -> STAGING
[17Sep2025 21:16:05.260] [Render thread/DEBUG] [net.minecraftforge.registries.ForgeRegistry/REGISTRIES]: Registry minecraft:worldgen/block_state_provider_type Sync: ACTIVE -> STAGING
[17Sep2025 21:16:05.260] [Render thread/DEBUG] [net.minecraftforge.registries.ForgeRegistry/REGISTRIES]: Registry minecraft:worldgen/foliage_placer_type Sync: ACTIVE -> STAGING
[17Sep2025 21:16:05.260] [Render thread/DEBUG] [net.minecraftforge.registries.ForgeRegistry/REGISTRIES]: Registry minecraft:worldgen/tree_decorator_type Sync: ACTIVE -> STAGING
[17Sep2025 21:16:05.260] [Render thread/DEBUG] [net.minecraftforge.registries.ForgeRegistry/REGISTRIES]: Registry minecraft:worldgen/biome Sync: ACTIVE -> STAGING
[17Sep2025 21:16:05.260] [Render thread/DEBUG] [net.minecraftforge.registries.ForgeRegistry/REGISTRIES]: Registry forge:entity_data_serializers Sync: ACTIVE -> STAGING
[17Sep2025 21:16:05.260] [Render thread/DEBUG] [net.minecraftforge.registries.ForgeRegistry/REGISTRIES]: Registry forge:global_loot_modifier_serializers Sync: ACTIVE -> STAGING
[17Sep2025 21:16:05.260] [Render thread/DEBUG] [net.minecraftforge.registries.ForgeRegistry/REGISTRIES]: Registry forge:biome_modifier_serializers Sync: ACTIVE -> STAGING
[17Sep2025 21:16:05.260] [Render thread/DEBUG] [net.minecraftforge.registries.ForgeRegistry/REGISTRIES]: Registry forge:fluid_type Sync: ACTIVE -> STAGING
[17Sep2025 21:16:05.260] [Render thread/DEBUG] [net.minecraftforge.registries.ForgeRegistry/REGISTRIES]: Registry forge:structure_modifier_serializers Sync: ACTIVE -> STAGING
[17Sep2025 21:16:05.260] [Render thread/DEBUG] [net.minecraftforge.registries.ForgeRegistry/REGISTRIES]: Registry forge:holder_set_type Sync: ACTIVE -> STAGING
[17Sep2025 21:16:05.260] [Render thread/DEBUG] [net.minecraftforge.registries.ForgeRegistry/REGISTRIES]: Registry forge:display_contexts Sync: ACTIVE -> STAGING
[17Sep2025 21:16:05.529] [Render thread/DEBUG] [net.minecraftforge.registries.ObjectHolderRegistry/REGISTRIES]: Applying holder lookups
[17Sep2025 21:16:05.533] [Render thread/DEBUG] [net.minecraftforge.registries.ObjectHolderRegistry/REGISTRIES]: Holder lookups applied
[17Sep2025 21:16:05.550] [Render thread/DEBUG] [net.minecraftforge.server.ServerLifecycleHooks/CORE]: Generating PackInfo named mod:forge for mod file /
[17Sep2025 21:16:05.550] [Render thread/DEBUG] [net.minecraftforge.server.ServerLifecycleHooks/CORE]: Generating PackInfo named mod:tycoonlib for mod file D:\GitHub\TycoonLib\build\resources\main
[17Sep2025 21:16:05.551] [Render thread/DEBUG] [net.minecraftforge.server.ServerLifecycleHooks/CORE]: Generating PackInfo named mod:geckolib for mod file C:\Users\brian\.mcreator\gradle\caches\forge_gradle\deobf_dependencies\software\bernie\geckolib\geckolib-forge-1.20.1\4.4.9_mapped_official_1.20.1\geckolib-forge-1.20.1-4.4.9_mapped_official_1.20.1.jar
[17Sep2025 21:16:06.151] [Render thread/DEBUG] [net.minecraftforge.coremod.transformer.CoreModBaseTransformer/COREMOD]: Transforming net/minecraft/server/commands/SummonCommand
[17Sep2025 21:16:06.463] [Worker-Main-4/DEBUG] [net.minecraftforge.coremod.transformer.CoreModBaseTransformer/COREMOD]: Transforming net/minecraft/world/entity/raid/Raid
[17Sep2025 21:16:06.719] [Render thread/INFO] [net.minecraft.world.item.crafting.RecipeManager/]: Loaded 7 recipes
[17Sep2025 21:16:06.815] [Render thread/INFO] [net.minecraft.advancements.AdvancementList/]: Loaded 1271 advancements
[17Sep2025 21:16:07.087] [Render thread/INFO] [com.mojang.blaze3d.platform.GlDebug/]: OpenGL debug message: id=1005, source=API, type=ERROR, severity=HIGH, message='No detailed debug message due to a non-debug context'
[17Sep2025 21:16:07.087] [Render thread/INFO] [com.mojang.blaze3d.platform.GlDebug/]: OpenGL debug message: id=1005, source=API, type=ERROR, severity=HIGH, message='No detailed debug message due to a non-debug context'
[17Sep2025 21:16:07.087] [Render thread/INFO] [com.mojang.blaze3d.platform.GlDebug/]: OpenGL debug message: id=1005, source=API, type=ERROR, severity=HIGH, message='No detailed debug message due to a non-debug context'
[17Sep2025 21:16:07.087] [Render thread/INFO] [com.mojang.blaze3d.platform.GlDebug/]: OpenGL debug message: id=1005, source=API, type=ERROR, severity=HIGH, message='No detailed debug message due to a non-debug context'
[17Sep2025 21:16:07.133] [Render thread/DEBUG] [net.minecraftforge.common.ForgeHooks/WP]: Gathering id map for writing to world save Test Blueprint World
[17Sep2025 21:16:07.153] [Render thread/DEBUG] [net.minecraftforge.common.ForgeHooks/WP]: ID Map collection complete Test Blueprint World
[17Sep2025 21:16:07.218] [Server thread/INFO] [net.minecraft.client.server.IntegratedServer/]: Starting integrated minecraft server version 1.20.1
[17Sep2025 21:16:07.218] [Server thread/INFO] [net.minecraft.server.MinecraftServer/]: Generating keypair
[17Sep2025 21:16:07.275] [Server thread/DEBUG] [net.minecraftforge.fml.config.ConfigTracker/CONFIG]: Loading configs type SERVER
[17Sep2025 21:16:07.275] [Server thread/DEBUG] [net.minecraftforge.fml.config.ConfigFileTypeHandler/CONFIG]: Built TOML config for .\saves\Test Blueprint World\serverconfig\forge-server.toml
[17Sep2025 21:16:07.277] [Server thread/DEBUG] [net.minecraftforge.fml.config.ConfigFileTypeHandler/CONFIG]: Loaded TOML config file .\saves\Test Blueprint World\serverconfig\forge-server.toml
[17Sep2025 21:16:07.278] [Server thread/DEBUG] [net.minecraftforge.fml.config.ConfigFileTypeHandler/CONFIG]: Watching TOML config file .\saves\Test Blueprint World\serverconfig\forge-server.toml for changes
[17Sep2025 21:16:07.279] [Server thread/DEBUG] [net.minecraftforge.common.ForgeConfig/FORGEMOD]: Loaded forge config file forge-server.toml
[17Sep2025 21:16:07.311] [Server thread/DEBUG] [net.minecraftforge.coremod.transformer.CoreModBaseTransformer/COREMOD]: Transforming net/minecraft/world/level/levelgen/PhantomSpawner
[17Sep2025 21:16:07.316] [Server thread/DEBUG] [net.minecraftforge.coremod.transformer.CoreModBaseTransformer/COREMOD]: Transforming net/minecraft/world/level/levelgen/PatrolSpawner
[17Sep2025 21:16:07.320] [Server thread/DEBUG] [net.minecraftforge.coremod.transformer.CoreModBaseTransformer/COREMOD]: Transforming net/minecraft/world/entity/npc/CatSpawner
[17Sep2025 21:16:07.323] [Server thread/DEBUG] [net.minecraftforge.coremod.transformer.CoreModBaseTransformer/COREMOD]: Transforming net/minecraft/world/entity/ai/village/VillageSiege
[17Sep2025 21:16:07.517] [Server thread/INFO] [net.minecraft.server.MinecraftServer/]: Preparing start region for dimension minecraft:overworld
[17Sep2025 21:16:08.308] [Server thread/DEBUG] [net.minecraftforge.coremod.transformer.CoreModBaseTransformer/COREMOD]: Transforming net/minecraft/world/level/levelgen/structure/templatesystem/StructureTemplate
[17Sep2025 21:16:09.155] [Render thread/INFO] [net.minecraft.server.level.progress.LoggerChunkProgressListener/]: Preparing spawn area: 0%
[17Sep2025 21:16:09.155] [Render thread/INFO] [net.minecraft.server.level.progress.LoggerChunkProgressListener/]: Preparing spawn area: 0%
[17Sep2025 21:16:09.155] [Render thread/INFO] [net.minecraft.server.level.progress.LoggerChunkProgressListener/]: Preparing spawn area: 0%
[17Sep2025 21:16:09.155] [Render thread/INFO] [net.minecraft.server.level.progress.LoggerChunkProgressListener/]: Preparing spawn area: 0%
[17Sep2025 21:16:09.530] [Render thread/INFO] [net.minecraft.server.level.progress.LoggerChunkProgressListener/]: Preparing spawn area: 6%
[17Sep2025 21:16:10.047] [Render thread/INFO] [net.minecraft.server.level.progress.LoggerChunkProgressListener/]: Preparing spawn area: 93%
[17Sep2025 21:16:10.047] [Render thread/INFO] [net.minecraft.server.level.progress.LoggerChunkProgressListener/]: Time elapsed: 2528 ms
[17Sep2025 21:16:10.048] [Server thread/INFO] [net.minecraftforge.server.permission.PermissionAPI/]: Successfully initialized permission handler forge:default_handler
[17Sep2025 21:16:10.115] [Server thread/DEBUG] [io.netty.buffer.AbstractByteBuf/]: -Dio.netty.buffer.checkAccessible: true
[17Sep2025 21:16:10.116] [Server thread/DEBUG] [io.netty.buffer.AbstractByteBuf/]: -Dio.netty.buffer.checkBounds: true
[17Sep2025 21:16:10.116] [Server thread/DEBUG] [io.netty.util.ResourceLeakDetectorFactory/]: Loaded default ResourceLeakDetector: io.netty.util.ResourceLeakDetector@1a1e41d7
[17Sep2025 21:16:10.133] [Server thread/DEBUG] [net.minecraftforge.coremod.transformer.CoreModBaseTransformer/COREMOD]: Transforming net/minecraft/world/level/NaturalSpawner
[17Sep2025 21:16:10.184] [Server thread/INFO] [net.minecraft.client.server.IntegratedServer/]: Changing view distance to 5, from 10
[17Sep2025 21:16:10.186] [Server thread/INFO] [net.minecraft.client.server.IntegratedServer/]: Changing simulation distance to 12, from 0
[17Sep2025 21:16:10.226] [Render thread/DEBUG] [io.netty.channel.MultithreadEventLoopGroup/]: -Dio.netty.eventLoopThreads: 24
[17Sep2025 21:16:10.244] [Render thread/DEBUG] [io.netty.util.internal.InternalThreadLocalMap/]: -Dio.netty.threadLocalMap.stringBuilder.initialSize: 1024
[17Sep2025 21:16:10.244] [Render thread/DEBUG] [io.netty.util.internal.InternalThreadLocalMap/]: -Dio.netty.threadLocalMap.stringBuilder.maxSize: 4096
[17Sep2025 21:16:10.251] [Render thread/DEBUG] [io.netty.channel.nio.NioEventLoop/]: -Dio.netty.noKeySetOptimization: false
[17Sep2025 21:16:10.251] [Render thread/DEBUG] [io.netty.channel.nio.NioEventLoop/]: -Dio.netty.selectorAutoRebuildThreshold: 512
[17Sep2025 21:16:10.257] [Render thread/DEBUG] [io.netty.util.internal.PlatformDependent/]: org.jctools-core.MpscChunkedArrayQueue: available
[17Sep2025 21:16:10.326] [Render thread/DEBUG] [io.netty.channel.DefaultChannelId/]: -Dio.netty.processId: 38212 (auto-detected)
[17Sep2025 21:16:10.332] [Render thread/WARN] [io.netty.util.internal.SystemPropertyUtil/]: Unable to parse the boolean system property 'java.net.preferIPv6Addresses':system - using the default value: false
[17Sep2025 21:16:10.333] [Render thread/DEBUG] [io.netty.util.NetUtil/]: -Djava.net.preferIPv4Stack: false
[17Sep2025 21:16:10.333] [Render thread/DEBUG] [io.netty.util.NetUtil/]: -Djava.net.preferIPv6Addresses: false
[17Sep2025 21:16:10.351] [Render thread/DEBUG] [io.netty.util.NetUtilInitializations/]: Loopback interface: lo (Software Loopback Interface 1, 127.0.0.1)
[17Sep2025 21:16:10.353] [Render thread/DEBUG] [io.netty.util.NetUtil/]: Failed to get SOMAXCONN from sysctl and file \proc\sys\net\core\somaxconn. Default: 200
[17Sep2025 21:16:10.428] [Render thread/DEBUG] [io.netty.channel.DefaultChannelId/]: -Dio.netty.machineId: 50:c2:e8:ff:fe:76:6d:fd (auto-detected)
[17Sep2025 21:16:10.454] [Render thread/DEBUG] [io.netty.buffer.PooledByteBufAllocator/]: -Dio.netty.allocator.numHeapArenas: 24
[17Sep2025 21:16:10.454] [Render thread/DEBUG] [io.netty.buffer.PooledByteBufAllocator/]: -Dio.netty.allocator.numDirectArenas: 24
[17Sep2025 21:16:10.454] [Render thread/DEBUG] [io.netty.buffer.PooledByteBufAllocator/]: -Dio.netty.allocator.pageSize: 8192
[17Sep2025 21:16:10.454] [Render thread/DEBUG] [io.netty.buffer.PooledByteBufAllocator/]: -Dio.netty.allocator.maxOrder: 9
[17Sep2025 21:16:10.454] [Render thread/DEBUG] [io.netty.buffer.PooledByteBufAllocator/]: -Dio.netty.allocator.chunkSize: 4194304
[17Sep2025 21:16:10.454] [Render thread/DEBUG] [io.netty.buffer.PooledByteBufAllocator/]: -Dio.netty.allocator.smallCacheSize: 256
[17Sep2025 21:16:10.454] [Render thread/DEBUG] [io.netty.buffer.PooledByteBufAllocator/]: -Dio.netty.allocator.normalCacheSize: 64
[17Sep2025 21:16:10.454] [Render thread/DEBUG] [io.netty.buffer.PooledByteBufAllocator/]: -Dio.netty.allocator.maxCachedBufferCapacity: 32768
[17Sep2025 21:16:10.454] [Render thread/DEBUG] [io.netty.buffer.PooledByteBufAllocator/]: -Dio.netty.allocator.cacheTrimInterval: 8192
[17Sep2025 21:16:10.454] [Render thread/DEBUG] [io.netty.buffer.PooledByteBufAllocator/]: -Dio.netty.allocator.cacheTrimIntervalMillis: 0
[17Sep2025 21:16:10.454] [Render thread/DEBUG] [io.netty.buffer.PooledByteBufAllocator/]: -Dio.netty.allocator.useCacheForAllThreads: false
[17Sep2025 21:16:10.454] [Render thread/DEBUG] [io.netty.buffer.PooledByteBufAllocator/]: -Dio.netty.allocator.maxCachedByteBuffersPerChunk: 1023
[17Sep2025 21:16:10.465] [Render thread/DEBUG] [io.netty.buffer.ByteBufUtil/]: -Dio.netty.allocator.type: pooled
[17Sep2025 21:16:10.465] [Render thread/DEBUG] [io.netty.buffer.ByteBufUtil/]: -Dio.netty.threadLocalDirectBufferSize: 0
[17Sep2025 21:16:10.465] [Render thread/DEBUG] [io.netty.buffer.ByteBufUtil/]: -Dio.netty.maxThreadLocalCharBufferSize: 16384
[17Sep2025 21:16:10.510] [Netty Local Client IO #0/DEBUG] [net.minecraftforge.network.HandshakeHandler/FMLHANDSHAKE]: Starting local connection.
[17Sep2025 21:16:10.635] [Netty Local Client IO #0/DEBUG] [io.netty.util.Recycler/]: -Dio.netty.recycler.maxCapacityPerThread: 4096
[17Sep2025 21:16:10.635] [Netty Local Client IO #0/DEBUG] [io.netty.util.Recycler/]: -Dio.netty.recycler.ratio: 8
[17Sep2025 21:16:10.635] [Netty Local Client IO #0/DEBUG] [io.netty.util.Recycler/]: -Dio.netty.recycler.chunkSize: 32
[17Sep2025 21:16:10.635] [Netty Local Client IO #0/DEBUG] [io.netty.util.Recycler/]: -Dio.netty.recycler.blocking: false
[17Sep2025 21:16:10.645] [Netty Server IO #1/DEBUG] [net.minecraftforge.network.HandshakeHandler/FMLHANDSHAKE]: Starting local connection.
[17Sep2025 21:16:10.669] [Server thread/DEBUG] [net.minecraftforge.network.HandshakeHandler/FMLHANDSHAKE]: Sending ticking packet info 'net.minecraftforge.network.HandshakeMessages$S2CModData' to 'fml:handshake' sequence 0
[17Sep2025 21:16:10.673] [Netty Local Client IO #0/DEBUG] [net.minecraftforge.network.LoginWrapper/FMLHANDSHAKE]: Recieved login wrapper packet event for channel fml:handshake with index 0
[17Sep2025 21:16:10.721] [Server thread/DEBUG] [net.minecraftforge.network.HandshakeHandler/FMLHANDSHAKE]: Sending ticking packet info 'net.minecraftforge.network.HandshakeMessages$S2CModList' to 'fml:handshake' sequence 1
[17Sep2025 21:16:10.722] [Netty Local Client IO #0/DEBUG] [net.minecraftforge.network.LoginWrapper/FMLHANDSHAKE]: Recieved login wrapper packet event for channel fml:handshake with index 1
[17Sep2025 21:16:10.722] [Netty Local Client IO #0/DEBUG] [net.minecraftforge.network.HandshakeHandler/FMLHANDSHAKE]: Logging into server with mod list [minecraft, forge, tycoonlib, geckolib]
[17Sep2025 21:16:10.724] [Netty Local Client IO #0/DEBUG] [net.minecraftforge.network.NetworkRegistry/NETREGISTRY]: Channel 'fml:loginwrapper' : Version test of 'FML3' from server : ACCEPTED
[17Sep2025 21:16:10.724] [Netty Local Client IO #0/DEBUG] [net.minecraftforge.network.NetworkRegistry/NETREGISTRY]: Channel 'forge:tier_sorting' : Version test of '1.0' from server : ACCEPTED
[17Sep2025 21:16:10.724] [Netty Local Client IO #0/DEBUG] [net.minecraftforge.network.NetworkRegistry/NETREGISTRY]: Channel 'fml:handshake' : Version test of 'FML3' from server : ACCEPTED
[17Sep2025 21:16:10.724] [Netty Local Client IO #0/DEBUG] [net.minecraftforge.network.NetworkRegistry/NETREGISTRY]: Channel 'tycoonlib:tycoonlib' : Version test of '1' from server : ACCEPTED
[17Sep2025 21:16:10.724] [Netty Local Client IO #0/DEBUG] [net.minecraftforge.network.NetworkRegistry/NETREGISTRY]: Channel 'minecraft:unregister' : Version test of 'FML3' from server : ACCEPTED
[17Sep2025 21:16:10.724] [Netty Local Client IO #0/DEBUG] [net.minecraftforge.network.NetworkRegistry/NETREGISTRY]: Channel 'fml:play' : Version test of 'FML3' from server : ACCEPTED
[17Sep2025 21:16:10.724] [Netty Local Client IO #0/DEBUG] [net.minecraftforge.network.NetworkRegistry/NETREGISTRY]: Channel 'minecraft:register' : Version test of 'FML3' from server : ACCEPTED
[17Sep2025 21:16:10.724] [Netty Local Client IO #0/DEBUG] [net.minecraftforge.network.NetworkRegistry/NETREGISTRY]: Channel 'forge:split' : Version test of '1.1' from server : ACCEPTED
[17Sep2025 21:16:10.724] [Netty Local Client IO #0/DEBUG] [net.minecraftforge.network.NetworkRegistry/NETREGISTRY]: Channel 'geckolib:main' : Version test of '1' from server : ACCEPTED
[17Sep2025 21:16:10.724] [Netty Local Client IO #0/DEBUG] [net.minecraftforge.network.NetworkRegistry/NETREGISTRY]: Accepting channel list from server
[17Sep2025 21:16:10.725] [Netty Local Client IO #0/DEBUG] [net.minecraftforge.network.LoginWrapper/FMLHANDSHAKE]: Dispatching wrapped packet reply for channel fml:handshake with index 1
[17Sep2025 21:16:10.726] [Netty Local Client IO #0/DEBUG] [net.minecraftforge.network.HandshakeHandler/FMLHANDSHAKE]: Accepted server connection
[17Sep2025 21:16:10.726] [Netty Server IO #1/DEBUG] [net.minecraftforge.network.LoginWrapper/FMLHANDSHAKE]: Recieved login wrapper packet event for channel fml:handshake with index 1
[17Sep2025 21:16:10.726] [Netty Local Client IO #0/DEBUG] [net.minecraftforge.network.HandshakeHandler/REGISTRIES]: Expecting 19 registries: [minecraft:command_argument_type, minecraft:recipe_serializer, minecraft:sound_event, minecraft:particle_type, minecraft:villager_profession, minecraft:item, minecraft:potion, minecraft:painting_variant, forge:fluid_type, minecraft:block_entity_type, forge:display_contexts, minecraft:block, forge:entity_data_serializers, minecraft:mob_effect, minecraft:stat_type, minecraft:menu, minecraft:enchantment, minecraft:fluid, minecraft:entity_type]
[17Sep2025 21:16:10.726] [Netty Server IO #1/DEBUG] [net.minecraftforge.network.HandshakeHandler/FMLHANDSHAKE]: Received client indexed reply 1 of type net.minecraftforge.network.HandshakeMessages$C2SModListReply
[17Sep2025 21:16:10.726] [Netty Server IO #1/DEBUG] [net.minecraftforge.network.HandshakeHandler/FMLHANDSHAKE]: Received client connection with modlist [minecraft, forge, tycoonlib, geckolib]
[17Sep2025 21:16:10.727] [Netty Server IO #1/DEBUG] [net.minecraftforge.network.NetworkRegistry/NETREGISTRY]: Channel 'fml:loginwrapper' : Version test of 'FML3' from client : ACCEPTED
[17Sep2025 21:16:10.727] [Netty Server IO #1/DEBUG] [net.minecraftforge.network.NetworkRegistry/NETREGISTRY]: Channel 'forge:tier_sorting' : Version test of '1.0' from client : ACCEPTED
[17Sep2025 21:16:10.727] [Netty Server IO #1/DEBUG] [net.minecraftforge.network.NetworkRegistry/NETREGISTRY]: Channel 'fml:handshake' : Version test of 'FML3' from client : ACCEPTED
[17Sep2025 21:16:10.727] [Netty Server IO #1/DEBUG] [net.minecraftforge.network.NetworkRegistry/NETREGISTRY]: Channel 'tycoonlib:tycoonlib' : Version test of '1' from client : ACCEPTED
[17Sep2025 21:16:10.727] [Netty Server IO #1/DEBUG] [net.minecraftforge.network.NetworkRegistry/NETREGISTRY]: Channel 'minecraft:unregister' : Version test of 'FML3' from client : ACCEPTED
[17Sep2025 21:16:10.727] [Netty Server IO #1/DEBUG] [net.minecraftforge.network.NetworkRegistry/NETREGISTRY]: Channel 'fml:play' : Version test of 'FML3' from client : ACCEPTED
[17Sep2025 21:16:10.727] [Netty Server IO #1/DEBUG] [net.minecraftforge.network.NetworkRegistry/NETREGISTRY]: Channel 'minecraft:register' : Version test of 'FML3' from client : ACCEPTED
[17Sep2025 21:16:10.727] [Netty Server IO #1/DEBUG] [net.minecraftforge.network.NetworkRegistry/NETREGISTRY]: Channel 'forge:split' : Version test of '1.1' from client : ACCEPTED
[17Sep2025 21:16:10.727] [Netty Server IO #1/DEBUG] [net.minecraftforge.network.NetworkRegistry/NETREGISTRY]: Channel 'geckolib:main' : Version test of '1' from client : ACCEPTED
[17Sep2025 21:16:10.727] [Netty Server IO #1/DEBUG] [net.minecraftforge.network.NetworkRegistry/NETREGISTRY]: Accepting channel list from client
[17Sep2025 21:16:10.727] [Netty Server IO #1/DEBUG] [net.minecraftforge.network.HandshakeHandler/FMLHANDSHAKE]: Accepted client connection mod list
[17Sep2025 21:16:10.769] [Server thread/DEBUG] [net.minecraftforge.network.HandshakeHandler/FMLHANDSHAKE]: Sending ticking packet info 'Config forge-server.toml' to 'fml:handshake' sequence 2
[17Sep2025 21:16:10.769] [Netty Local Client IO #0/DEBUG] [net.minecraftforge.network.LoginWrapper/FMLHANDSHAKE]: Recieved login wrapper packet event for channel fml:handshake with index 2
[17Sep2025 21:16:10.769] [Netty Local Client IO #0/DEBUG] [net.minecraftforge.network.HandshakeHandler/FMLHANDSHAKE]: Received config sync from server
[17Sep2025 21:16:10.769] [Netty Local Client IO #0/DEBUG] [net.minecraftforge.network.LoginWrapper/FMLHANDSHAKE]: Dispatching wrapped packet reply for channel fml:handshake with index 2
[17Sep2025 21:16:10.770] [Netty Server IO #1/DEBUG] [net.minecraftforge.network.LoginWrapper/FMLHANDSHAKE]: Recieved login wrapper packet event for channel fml:handshake with index 2
[17Sep2025 21:16:10.770] [Netty Server IO #1/DEBUG] [net.minecraftforge.network.HandshakeHandler/FMLHANDSHAKE]: Received client indexed reply 2 of type net.minecraftforge.network.HandshakeMessages$C2SAcknowledge
[17Sep2025 21:16:10.770] [Netty Server IO #1/DEBUG] [net.minecraftforge.network.HandshakeHandler/FMLHANDSHAKE]: Received acknowledgement from client
[17Sep2025 21:16:10.821] [Server thread/DEBUG] [net.minecraftforge.network.HandshakeHandler/FMLHANDSHAKE]: Handshake complete!
[17Sep2025 21:16:10.874] [Netty Local Client IO #0/INFO] [net.minecraftforge.network.NetworkHooks/]: Connected to a modded server.
[17Sep2025 21:16:10.929] [Server thread/INFO] [net.minecraft.server.players.PlayerList/]: Dev[local:E:c242b920] logged in with entity id 27 at (-2.1520978619642106, -60.0, -5.238546164624834)
[17Sep2025 21:16:10.975] [Server thread/INFO] [net.minecraft.server.MinecraftServer/]: Dev joined the game
[17Sep2025 21:16:11.199] [Render thread/INFO] [net.minecraft.advancements.AdvancementList/]: Loaded 2 advancements
[17Sep2025 21:16:24.839] [Render thread/INFO] [net.minecraft.client.gui.components.ChatComponent/]: [System] [CHAT] -1, -59, -6 has the following block data: {ForgeData: {floor-level: 1.0d}, x: -1, y: -59, Items: [{Slot: 0b, id: "tycoonlib:restaurant_blueprint", Count: 1b, tag: {block-2-x: -12.0d, block-1-x: 0.0d, block-2-z: -11.0d, block-1-z: -4.0d}}, {Slot: 1b, id: "tycoonlib:room_blueprint", Count: 1b, tag: {block-2-x: -6.0d, block-1-x: -1.0d, block-2-z: -10.0d, block-1-z: -5.0d}}, {Slot: 2b, id: "tycoonlib:room_blueprint", Count: 1b, tag: {block-2-x: -11.0d, block-1-x: -8.0d, block-2-z: -10.0d, block-1-z: -5.0d}}], z: -6, id: "tycoonlib:restaurant_board"}
[17Sep2025 21:16:31.896] [Server thread/INFO] [net.minecraft.client.server.IntegratedServer/]: Saving and pausing game...
[17Sep2025 21:16:31.906] [Server thread/INFO] [net.minecraft.server.MinecraftServer/]: Saving chunks for level 'ServerLevel[Test Blueprint World]'/minecraft:overworld
[17Sep2025 21:16:31.917] [Server thread/INFO] [net.minecraft.server.MinecraftServer/]: Saving chunks for level 'ServerLevel[Test Blueprint World]'/minecraft:the_nether
[17Sep2025 21:16:31.919] [Server thread/INFO] [net.minecraft.server.MinecraftServer/]: Saving chunks for level 'ServerLevel[Test Blueprint World]'/minecraft:the_end
[17Sep2025 21:16:31.923] [Server thread/DEBUG] [net.minecraftforge.common.ForgeHooks/WP]: Gathering id map for writing to world save Test Blueprint World
[17Sep2025 21:16:31.934] [Server thread/DEBUG] [net.minecraftforge.common.ForgeHooks/WP]: ID Map collection complete Test Blueprint World
[17Sep2025 21:17:13.585] [Render thread/INFO] [net.minecraft.client.Minecraft/]: Stopping!
[17Sep2025 21:17:13.595] [Server thread/INFO] [net.minecraft.server.network.ServerGamePacketListenerImpl/]: Dev lost connection: Disconnected
[17Sep2025 21:17:13.595] [Server thread/INFO] [net.minecraft.server.MinecraftServer/]: Dev left the game
[17Sep2025 21:17:13.605] [Server thread/INFO] [net.minecraft.server.network.ServerGamePacketListenerImpl/]: Stopping singleplayer server as player logged out
[17Sep2025 21:17:13.644] [Server thread/INFO] [net.minecraft.server.MinecraftServer/]: Stopping server
[17Sep2025 21:17:13.644] [Server thread/INFO] [net.minecraft.server.MinecraftServer/]: Saving players
[17Sep2025 21:17:13.644] [Server thread/INFO] [net.minecraft.server.MinecraftServer/]: Saving worlds
[17Sep2025 21:17:14.145] [Server thread/INFO] [net.minecraft.server.MinecraftServer/]: Saving chunks for level 'ServerLevel[Test Blueprint World]'/minecraft:overworld
[17Sep2025 21:17:14.397] [Server thread/INFO] [net.minecraft.server.MinecraftServer/]: Saving chunks for level 'ServerLevel[Test Blueprint World]'/minecraft:the_nether
[17Sep2025 21:17:14.399] [Server thread/INFO] [net.minecraft.server.MinecraftServer/]: Saving chunks for level 'ServerLevel[Test Blueprint World]'/minecraft:the_end
[17Sep2025 21:17:14.402] [Server thread/DEBUG] [net.minecraftforge.common.ForgeHooks/WP]: Gathering id map for writing to world save Test Blueprint World
[17Sep2025 21:17:14.406] [Server thread/DEBUG] [net.minecraftforge.common.ForgeHooks/WP]: ID Map collection complete Test Blueprint World
[17Sep2025 21:17:14.416] [Server thread/INFO] [net.minecraft.server.MinecraftServer/]: ThreadedAnvilChunkStorage (Test Blueprint World): All chunks are saved
[17Sep2025 21:17:14.416] [Server thread/INFO] [net.minecraft.server.MinecraftServer/]: ThreadedAnvilChunkStorage (DIM-1): All chunks are saved
[17Sep2025 21:17:14.416] [Server thread/INFO] [net.minecraft.server.MinecraftServer/]: ThreadedAnvilChunkStorage (DIM1): All chunks are saved
[17Sep2025 21:17:14.416] [Server thread/INFO] [net.minecraft.server.MinecraftServer/]: ThreadedAnvilChunkStorage: All dimensions are saved
[17Sep2025 21:17:14.426] [Server thread/DEBUG] [net.minecraftforge.registries.GameData/REGISTRIES]: Reverting to FROZEN data state.
[17Sep2025 21:17:14.426] [Server thread/DEBUG] [net.minecraftforge.registries.ForgeRegistry/REGISTRIES]: Registry minecraft:block Sync: ACTIVE -> FROZEN
[17Sep2025 21:17:14.430] [Server thread/DEBUG] [net.minecraftforge.registries.ForgeRegistry/REGISTRIES]: Registry minecraft:fluid Sync: ACTIVE -> FROZEN
[17Sep2025 21:17:14.430] [Server thread/DEBUG] [net.minecraftforge.registries.ForgeRegistry/REGISTRIES]: Registry minecraft:item Sync: ACTIVE -> FROZEN
[17Sep2025 21:17:14.434] [Server thread/DEBUG] [net.minecraftforge.registries.ForgeRegistry/REGISTRIES]: Registry minecraft:mob_effect Sync: ACTIVE -> FROZEN
[17Sep2025 21:17:14.435] [Server thread/DEBUG] [net.minecraftforge.registries.ForgeRegistry/REGISTRIES]: Registry minecraft:sound_event Sync: ACTIVE -> FROZEN
[17Sep2025 21:17:14.439] [Server thread/DEBUG] [net.minecraftforge.registries.ForgeRegistry/REGISTRIES]: Registry minecraft:potion Sync: ACTIVE -> FROZEN
[17Sep2025 21:17:14.439] [Server thread/DEBUG] [net.minecraftforge.registries.ForgeRegistry/REGISTRIES]: Registry minecraft:enchantment Sync: ACTIVE -> FROZEN
[17Sep2025 21:17:14.440] [Server thread/DEBUG] [net.minecraftforge.registries.ForgeRegistry/REGISTRIES]: Registry minecraft:entity_type Sync: ACTIVE -> FROZEN
[17Sep2025 21:17:14.440] [Server thread/DEBUG] [net.minecraftforge.registries.ForgeRegistry/REGISTRIES]: Registry minecraft:block_entity_type Sync: ACTIVE -> FROZEN
[17Sep2025 21:17:14.440] [Server thread/DEBUG] [net.minecraftforge.registries.ForgeRegistry/REGISTRIES]: Registry minecraft:particle_type Sync: ACTIVE -> FROZEN
[17Sep2025 21:17:14.441] [Server thread/DEBUG] [net.minecraftforge.registries.ForgeRegistry/REGISTRIES]: Registry minecraft:menu Sync: ACTIVE -> FROZEN
[17Sep2025 21:17:14.441] [Server thread/DEBUG] [net.minecraftforge.registries.ForgeRegistry/REGISTRIES]: Registry minecraft:painting_variant Sync: ACTIVE -> FROZEN
[17Sep2025 21:17:14.441] [Server thread/DEBUG] [net.minecraftforge.registries.ForgeRegistry/REGISTRIES]: Registry minecraft:recipe_type Sync: ACTIVE -> FROZEN
[17Sep2025 21:17:14.441] [Server thread/DEBUG] [net.minecraftforge.registries.ForgeRegistry/REGISTRIES]: Registry minecraft:recipe_serializer Sync: ACTIVE -> FROZEN
[17Sep2025 21:17:14.441] [Server thread/DEBUG] [net.minecraftforge.registries.ForgeRegistry/REGISTRIES]: Registry minecraft:attribute Sync: ACTIVE -> FROZEN
[17Sep2025 21:17:14.441] [Server thread/DEBUG] [net.minecraftforge.registries.ForgeRegistry/REGISTRIES]: Registry minecraft:stat_type Sync: ACTIVE -> FROZEN
[17Sep2025 21:17:14.441] [Server thread/DEBUG] [net.minecraftforge.registries.ForgeRegistry/REGISTRIES]: Registry minecraft:command_argument_type Sync: ACTIVE -> FROZEN
[17Sep2025 21:17:14.441] [Server thread/DEBUG] [net.minecraftforge.registries.ForgeRegistry/REGISTRIES]: Registry minecraft:villager_profession Sync: ACTIVE -> FROZEN
[17Sep2025 21:17:14.441] [Server thread/DEBUG] [net.minecraftforge.registries.ForgeRegistry/REGISTRIES]: Registry minecraft:point_of_interest_type Sync: ACTIVE -> FROZEN
[17Sep2025 21:17:14.442] [Server thread/DEBUG] [net.minecraftforge.registries.ForgeRegistry/REGISTRIES]: Registry minecraft:memory_module_type Sync: ACTIVE -> FROZEN
[17Sep2025 21:17:14.442] [Server thread/DEBUG] [net.minecraftforge.registries.ForgeRegistry/REGISTRIES]: Registry minecraft:sensor_type Sync: ACTIVE -> FROZEN
[17Sep2025 21:17:14.442] [Server thread/DEBUG] [net.minecraftforge.registries.ForgeRegistry/REGISTRIES]: Registry minecraft:schedule Sync: ACTIVE -> FROZEN
[17Sep2025 21:17:14.442] [Server thread/DEBUG] [net.minecraftforge.registries.ForgeRegistry/REGISTRIES]: Registry minecraft:activity Sync: ACTIVE -> FROZEN
[17Sep2025 21:17:14.442] [Server thread/DEBUG] [net.minecraftforge.registries.ForgeRegistry/REGISTRIES]: Registry minecraft:worldgen/carver Sync: ACTIVE -> FROZEN
[17Sep2025 21:17:14.442] [Server thread/DEBUG] [net.minecraftforge.registries.ForgeRegistry/REGISTRIES]: Registry minecraft:worldgen/feature Sync: ACTIVE -> FROZEN
[17Sep2025 21:17:14.442] [Server thread/DEBUG] [net.minecraftforge.registries.ForgeRegistry/REGISTRIES]: Registry minecraft:chunk_status Sync: ACTIVE -> FROZEN
[17Sep2025 21:17:14.443] [Server thread/DEBUG] [net.minecraftforge.registries.ForgeRegistry/REGISTRIES]: Registry minecraft:worldgen/block_state_provider_type Sync: ACTIVE -> FROZEN
[17Sep2025 21:17:14.443] [Server thread/DEBUG] [net.minecraftforge.registries.ForgeRegistry/REGISTRIES]: Registry minecraft:worldgen/foliage_placer_type Sync: ACTIVE -> FROZEN
[17Sep2025 21:17:14.443] [Server thread/DEBUG] [net.minecraftforge.registries.ForgeRegistry/REGISTRIES]: Registry minecraft:worldgen/tree_decorator_type Sync: ACTIVE -> FROZEN
[17Sep2025 21:17:14.443] [Server thread/DEBUG] [net.minecraftforge.registries.ForgeRegistry/REGISTRIES]: Registry minecraft:worldgen/biome Sync: ACTIVE -> FROZEN
[17Sep2025 21:17:14.443] [Server thread/DEBUG] [net.minecraftforge.registries.ForgeRegistry/REGISTRIES]: Registry forge:entity_data_serializers Sync: ACTIVE -> FROZEN
[17Sep2025 21:17:14.443] [Server thread/DEBUG] [net.minecraftforge.registries.ForgeRegistry/REGISTRIES]: Registry forge:global_loot_modifier_serializers Sync: ACTIVE -> FROZEN
[17Sep2025 21:17:14.443] [Server thread/DEBUG] [net.minecraftforge.registries.ForgeRegistry/REGISTRIES]: Registry forge:biome_modifier_serializers Sync: ACTIVE -> FROZEN
[17Sep2025 21:17:14.443] [Server thread/DEBUG] [net.minecraftforge.registries.ForgeRegistry/REGISTRIES]: Registry forge:fluid_type Sync: ACTIVE -> FROZEN
[17Sep2025 21:17:14.443] [Server thread/DEBUG] [net.minecraftforge.registries.ForgeRegistry/REGISTRIES]: Registry forge:structure_modifier_serializers Sync: ACTIVE -> FROZEN
[17Sep2025 21:17:14.443] [Server thread/DEBUG] [net.minecraftforge.registries.ForgeRegistry/REGISTRIES]: Registry forge:holder_set_type Sync: ACTIVE -> FROZEN
[17Sep2025 21:17:14.443] [Server thread/DEBUG] [net.minecraftforge.registries.ForgeRegistry/REGISTRIES]: Registry forge:display_contexts Sync: ACTIVE -> FROZEN
[17Sep2025 21:17:14.690] [Server thread/DEBUG] [net.minecraftforge.registries.ObjectHolderRegistry/REGISTRIES]: Applying holder lookups
[17Sep2025 21:17:14.692] [Server thread/DEBUG] [net.minecraftforge.registries.ObjectHolderRegistry/REGISTRIES]: Holder lookups applied
[17Sep2025 21:17:14.692] [Server thread/DEBUG] [net.minecraftforge.registries.GameData/REGISTRIES]: FROZEN state restored.
[17Sep2025 21:17:14.692] [Server thread/DEBUG] [net.minecraftforge.fml.config.ConfigTracker/CONFIG]: Unloading configs type SERVER
